Manufacturer Name,ITEMID,Medicine Name,Generic Name,Strength,Category Name,Manufacturer Price(Box),Sale Price(Box),Box Size
Eskayef,1500,AGGRA 100MG TAB 4S,SILDENAFIL,100mg,Tablet,100,100,4
Eskayef,1499,AGGRA 50MG TAB 4S,SILDENAFIL,50mg,Tablet,100,100,4
Eskayef,1530,ALADAY 5ML OPT SOL,OLOPATADINE,-,Ophthalmic Solution,100,100,1
Eskayef,1524,ALADAY DS 5ML OPT SOL,OLOPATADINE,-,Ophthalmic Solution,100,100,1
Eskayef,1807,ALADAY MAX 5ML OPT SOL,OLOPATADINE,0.007,Ophthalmic Solution,100,100,1
Eskayef,1101,ALBEN SUS 200MG 10ML,ALBENDAZOLE,-,Suspension,100,100,1
Eskayef,1369,ALBEN DS TAB 48S,ALBENDAZOLE,400mg,Tablet,100,100,48
Eskayef,1039,ALBEN DS TAB 100S,ALBENDAZOLE,-,Tablet,100,100,100
Eskayef,1776,ALBEN DS 400MG TAB 50S,ALBENDAZOLE,400mg,Tablet,100,100,50
Eskayef,1785,ALDORIN 50MG TAB 30S,EPALRESTAT,50mg,Tablet,100,100,30
Eskayef,1754,ALTADIN 0.25% OPT SOL,ALCAFTADINE,0.0025,Ophthalmic Solution,100,100,1
Eskayef,1194,AMBOTEN SYP 100ML,AMBROXOL,-,Syrup,100,100,1
Eskayef,1195,AMBOTEN PD DROP 15ML,AMBROXOL,-,Paediatric Drop,100,100,1
Eskayef,1847,AMLEVO 2.5MG TAB 30S,S-AMLODIPINE,2.5mg,Tablet,100,100,30
Eskayef,1060,ANAPRIL 10MG TAB 100S,ENALAPRIL,10mg,Tablet,100,100,100
Eskayef,1059,ANAPRIL 5MG TAB 100S,ENALAPRIL,5mg,Tablet,100,100,100
Eskayef,1108,AROCEF SUS 100ML,CEFADROXIL,-,Dry Suspension,100,100,1
Eskayef,1107,AROCEF 500MG CAP 24S,CEFADROXIL,500mg,Capsule,100,100,24
Eskayef,1841,AROTIDE 100 INHALATION CAPSULE,FLUTICASONE+SALMETEROL,Salmeterol 50mcg & Fluticasone Propionate 100mcg,Capsule,100,100,30
Eskayef,1730,AROTIDE 125 INHALER 1S,FLUTICASONE+SALMETEROL,25mcg+120mcg,Inhaler,100,100,1
Eskayef,1842,AROTIDE 250 INHALATION CAPSULE,FLUTICASONE+SALMETEROL,Salmeterol 50mcg + Fluticasone 100mcg,Capsule,100,100,30
Eskayef,1732,AROTIDE 250 INHALER 1S,FLUTICASONE+SALMETEROL,25mcg+250mcg,Inhaler,100,100,1
Eskayef,1843,AROTIDE 500 INHALATION CAPSULE,FLUTICASONE+SALMETEROL,Salmeterol 50mcg + Fluticasone 100mcg,Capsule,100,100,30
Eskayef,1706,AUGMENT 1.2G IV INJ 1S,AMOXYCLAV,Amoxicillin 1g + Clavulanic Acid 200mg,Injection,100,100,1
Eskayef,1696,AUGMENT 100ML PFS,AMOXYCLAV,125mg/5ml + 31.25mg/5ml,Dry Suspension,100,100,1
Eskayef,1695,AUGMENT 1GM TAB 12S,AMOXYCLAV,875mg + 125mg,Tablet,100,100,12
Eskayef,1693,AUGMENT 375 TAB 18S,AMOXYCLAV,250mg + 125mg,Tablet,100,100,18
Eskayef,1694,AUGMENT 625 TAB 18S,AMOXYCLAV,500mg + 125mg,Tablet,100,100,18
Eskayef,1736,AZBEC 100 INHALER,Beclomethasone Dipropionate,"0.020g/Canister, 200 Puff Metal Canister",Inhaler,100,100,1
Eskayef,1737,AZBEC 250 INHALER,Beclomethasone Dipropionate,"0.050g/Canister, 200 Puff Metal Canister",Inhaler,100,100,1
Eskayef,1839,BILTIN 10MG ORALLY DISPERSIBLE TAB 30S,BILASTINE,10mg,Tablet,100,100,30
Eskayef,1783,BILTIN 20MG TAB 20S,BILASTINE,20mg,Tablet,100,100,20
Eskayef,1827,BILTIN 20MG TAB 30S,BILASTINE,20mg,Tablet,100,100,30
Eskayef,1764,BIMATOL 5ML OPT SOL,Bimatoprost,0.03 % + 0.5 %,Ophthalmic Solution,100,100,1
Eskayef,1614,BINZOTIM OPT SUS 5ML,BRINZOLAMIDE+TIMOLOL,1% + 0.5%,Ophthalmic Solution,100,100,1
Eskayef,1373,BONFLEX TAB 40S,GLUCOSAMINE+CHONDROITIN,0,Tablet,100,100,40
Eskayef,1794,BREXI 0.5MG FC TAB 30S,BREXPIPRAZOLE,0.5mg,Tablet,100,100,30
Eskayef,1795,BREXI 1MG FC TAB 30S,BREXPIPRAZOLE,1mg,Tablet,100,100,30
Eskayef,1719,BRIZY 100ML SYRUP,LEVOSALBUTAMOL,100ml,Syrup,100,100,1
Eskayef,1296,BRIZY 1MG TAB 50S,LEVOSALBUTAMOL,1mg,Tablet,100,100,50
Eskayef,1297,BRIZY 2MG TAB 50S,LEVOSALBUTAMOL,2mg,Tablet,100,100,50
Eskayef,1306,BRIZY SYRUP 60ML,LEVOSALBUTAMOL,-,Syrup,100,100,1
Eskayef,1488,CAL X SACHET 25S,SUCRALOSE,-,Powder,100,100,25
Eskayef,1487,CAL X TAB 100S,SUCRALOSE,0,Tablet,100,100,100
Eskayef,1801,CALGUM JR GUMMY TABLET 30S,Elemental Calcium 250mg +  Vitamin D3 250 IU,250mg,Tablet,100,100,30
Eskayef,1570,CALOFAST 400MG FC TAB 30S,CALCIUM OROTATE,400mg,Tablet,100,100,30
Eskayef,1088,CARBAZIN 200MG TAB 50S,CARBAMAZEPINE,200mg,Tablet,100,100,50
Eskayef,1520,CARBOLIN DS 100ML SUS,CARBOCISTEINE,-,Dry Suspension,100,100,1
Eskayef,1602,CARDIMET 35MG MR TAB,TRIMETAZIDINE,35mg,Tablet,100,100,30
Eskayef,1810,CARDOBIS 2.5mg FC TAB 50S,BISOPROLOL,2.5mg,Tablet,100,100,50
Eskayef,1568,CARDOBIS 2.5 FC TAB 30S,BISOPROLOL,2.5mg,Tablet,100,100,30
Eskayef,1569,CARDOBIS 5 FC TAB 30S,BISOPROLOL,5mg,Tablet,100,100,30
Eskayef,1767,CARDOBIS M 2.5 5 FC TAB 30S,BISOPROLOL,Bisoprolol 2.5mg & Amlodipine 5mg,Tablet,100,100,30
Eskayef,1586,CARDOBIS PLUS 2.56.25MG TAB 30S,BISOPROLOL,2.5mg,Tablet,100,100,30
Eskayef,1587,CARDOBIS PLUS 56.25MG TAB 30S,BISOPROLOL,5mg,Tablet,100,100,30
Eskayef,1102,CARDON 25MG TAB 30S,LOSARTAN,25mg,Tablet,100,100,30
Eskayef,1354,CARDON 50MG TAB 40S,LOSARTAN,50mg,Tablet,100,100,40
Eskayef,1741,CARDONEB 2.5 FC TAB 30S,NEBIVOLOL,2.5mg,Tablet,100,100,30
Eskayef,1742,CARDONEB 5 FC TAB 30S,NEBIVOLOL,5mg,Tablet,100,100,30
Eskayef,1687,CARDOPLUS 50MG TAB 40S,LOSARTAN,50mg + 12.5mg,Tablet,100,100,40
Eskayef,1625,CEFATEN 400MG CAP 8S,CEFTIBUTEN,400mg,Capsule,100,100,8
Eskayef,1643,CEFATEN 60ML PFS 1S,CEFTIBUTEN,90mg/5ml,Dry Suspension,100,100,1
Eskayef,1104,CEFLON DS 100ML,CEFACLOR,-,Dry Suspension,100,100,1
Eskayef,1122,CEFLON PD 15 ML,CEFACLOR,-,Paediatric Drop,100,100,1
Eskayef,1804,CEFOJECT 1GM IV INJ 1S,CEFOPERAZONE,1gm,Injection,100,100,1
Eskayef,1826,CILANEM IV INJ,Imipenem,Imipenem 500mg+Cilastatin 50mg,Injection,100,100,1
Eskayef,1823,CLIX 500MG TAB 6S,CLARITHROMYCIN,500mg,Tablet,100,100,6
Eskayef,1344,CLORON 0.5MG TAB 100S,CLONAZEPAM,0.5mg,Tablet,100,100,100
Eskayef,1554,CLORON 1MG TAB 50S,CLONAZEPAM,1mg,Tablet,100,100,50
Eskayef,1342,CLORON 2MG TAB 50S,CLONAZEPAM,2mg,Tablet,100,100,50
Eskayef,1064,CORTIDER 10GM CREAM TUBE,HYDROCORTISONE,10gm,Cream,100,100,1
Eskayef,1506,CRESTON 10MG TAB 20S,ROSUVASTATIN,10mg,Tablet,100,100,20
Eskayef,1833,CRESTON 20MG TAB 10S,ROSUVASTATIN,20mg,Tablet,100,100,10
Eskayef,1553,CRESTON 5MG TAB 30S,ROSUVASTATIN,5mg,Tablet,100,100,30
Eskayef,1753,DANAMET 100MG CAP 20S,DANAZOL,100mg,Capsule,100,100,20
Eskayef,1744,DANAMET 200MG CAP 20S,DANAZOL,200mg,Capsule,100,100,20
Eskayef,1846,DAPCLIN 5% GEL 30GM,Dapasone,0.05,Gel,100,100,1
Eskayef,1845,DAPCLIN 7.5% GEL 30GM,Dapasone,0.075,Gel,100,100,1
Eskayef,1142,DESODIN TAB 50S,DESLORATADINE,5mg,Tablet,100,100,50
Eskayef,1692,DEXPOFEN 100ML SYP,DEXTROMETHORPHAN,Dextromethorphan hydrobromide 10mg/5ml,Syrup,100,100,1
Eskayef,1717,DEXPOTEN PLUS 100ML SYRUP,DEXTROMETHORPHAN+PHENYLEPHRINE+TRIPRLDN,Dextromethorphan 20mg+Phenylephrine 10m+Triprolidi,Syrup,100,100,1
Eskayef,1460,DEXTOR TAB 0.5MG,DEXAMETHASONE,0.5mg,Tablet,100,100,200
Eskayef,1527,DEXTOR C 5ML OPT SOL,Dexamethasone Phosphate + Chloramphenicol,-,Ophthalmic Solution,100,100,1
Eskayef,1591,DEXTOR T OPT SUS 5ML,Dexamethasone + Tobramycin,5ml,Ophthalmic Solution,100,100,1
Eskayef,1005,DEZIDE TAB 100S,TRIAMTERENE+HYDROCHLOROTHIAZIDE,0,Tablet,100,100,100
Eskayef,1138,DIALON 1MG TAB 50S,GLIMEPIRIDE,1mg,Tablet,100,100,50
Eskayef,1139,DIALON 2MG TAB 30S,GLIMEPIRIDE,2mg,Tablet,100,100,30
Eskayef,1651,DIALON 3MG TAB 20S,GLIMEPIRIDE,3 mg,Tablet,100,100,20
Eskayef,1290,DIETIL CAP 10S,ORLISTAT,120mg,Capsule,100,100,10
Eskayef,1123,DILATOR TAB 10MG 100S,BAMBUTEROL,10mg,Tablet,100,100,100
Eskayef,1146,DILATOR TAB 20MG 100S,BAMBUTEROL,20mg,Tablet,100,100,100
Eskayef,1155,DILATOR ORAL SOL 60ML,BAMBUTEROL,-,Oral Solution,100,100,1
Eskayef,1773,DINAFEX 120MG FC TAB 40S,FEXOFENADINE,120mg,Tablet,100,100,40
Eskayef,1438,DINAFEX 120MG FC TAB,FEXOFENADINE,120mg,Tablet,100,100,30
Eskayef,1766,DINAFEX 180MG FC TAB 40S,FEXOFENADINE,180mg,Tablet,100,100,40
Eskayef,1440,DINAFEX 50ML SUS,FEXOFENADINE,-,Suspension,100,100,1
Eskayef,1786,DINAFEX 60MG FC TAB 40S,FEXOFENADINE,60mg,Tablet,100,100,40
Eskayef,1437,DINAFEX 60MG FC TAB,FEXOFENADINE,60mg,Tablet,100,100,30
Eskayef,1247,DORENTA SYp 100ML,DIPHENHYDRAMINE,-,Syrup,100,100,1
Eskayef,1504,DORIPEN 500 MG IV INJ 1S,DORIPENEM,500mg,Injection,100,100,1
Eskayef,1563,DUMAX 30MG TAB 8S,DAPOXETINE,30mg,Tablet,100,100,8
Eskayef,1564,DUMAX 60MG TAB 4S,DAPOXETINE,60mg,Tablet,100,100,4
Eskayef,1697,EDENIL 20MG TAB 50S,SPIRONOLACTONE+FUROSEMIDE,Spironolactone 50mg + Furosemide 20mg,Tablet,100,100,50
Eskayef,1263,EDENIL 40MG TAB 30S,SPIRONOLACTONE+FUROSEMIDE,40mg,Tablet,100,100,30
Eskayef,1821,EDENIL 40MG TAB 50S,SPIRONOLACTONE+FUROSEMIDE,Furosemide 40mg + Spironolactone 50mg,Tablet,100,100,50
Eskayef,1768,EMAZID 10MG FC TAB 20S,EMPAGLIFLOZIN,10mg,Tablet,100,100,20
Eskayef,1769,EMAZID 25MG FC TAB 10S,EMPAGLIFLOZIN,25mg,Tablet,100,100,10
Eskayef,1814,EMAZID M FC TAB 20S,EMPAGLIFLOZIN,Metformin 500mg & Empagliflozin 5mg,Tablet,100,100,20
Eskayef,1322,EMEZIN PLUS TAB 50S,MECLIZINE,0,Tablet,100,100,50
Eskayef,1822,ENDOSIS 2MG TAB 10S,Dienogest,2mg,Tablet,100,100,10
Eskayef,1817,ESORAL 20MG CAP 100S,ESOMEPRAZOLE,20mg,Capsule,100,100,100
Eskayef,1612,ESORAL 20MG CAP 60S,ESOMEPRAZOLE,20mg,Capsule,100,100,60
Eskayef,1780,ESORAL 20MG CAP CONTAINER 30S,ESOMEPRAZOLE,20mg,Capsule,100,100,30
Eskayef,1852,ESORAL 20MG POWDER FOR SUSPENSION 30S,Esomeprazole,20mg,Powder for Suspension,100,100,30
Eskayef,1663,ESORAL 20MG TAB 112S,ESOMEPRAZOLE,20mg,Tablet,100,100,112
Eskayef,1469,ESORAL 40MG CAP 30S,ESOMEPRAZOLE,40mg,Capsule,100,100,30
Eskayef,1832,ESORAL 40MG EC TAB 42S,ESOMEPRAZOLE,40mg,Tablet,100,100,42
Eskayef,1429,ESORAL 40MG IV INJ 5ML,ESOMEPRAZOLE,40mg,Injection,100,100,1
Eskayef,1483,ESORAL 40MG TAB 30S,ESOMEPRAZOLE,40mg,Tablet,100,100,30
Eskayef,1689,ESORAL MUPS 20MG TAB 50S,ESOMEPRAZOLE,20mg,Tablet,100,100,50
Eskayef,1739,ESORAL MUPS 40 TABLET,ESOMEPRAZOLE,40mg,Tablet,100,100,30
Eskayef,1466,ETHINOR 5MG TAB 45S,NORETHISTERONE,5mg,Tablet,100,100,45
Eskayef,1632,ETORIX 120MG TAB 30S,ETORICOXIB,120mg,Tablet,100,100,30
Eskayef,1633,ETORIX 60MG TAB 50S,ETORICOXIB,60mg,Tablet,100,100,50
Eskayef,1634,ETORIX 90MG TAB 40S,ETORICOXIB,90mg,Tablet,100,100,40
Eskayef,1686,ETRIAM 10GM CREAM,TRIAMCINOLONE+ECONAZOLE,Econazole Nitrate 1% + Triamcinolone Acetonide 0.1,Cream,100,100,1
Eskayef,1428,FACID 10GM BT CREAM,HYDROCORTISONE+FUSIDIC ACID,10gm,Cream,100,100,1
Eskayef,1116,FACID 15GM CREAM,HYDROCORTISONE+FUSIDIC ACID,15gm,Cream,100,100,1
Eskayef,1117,FACID OINTMENT 15GM,HYDROCORTISONE+FUSIDIC ACID,15gm,Ointment,100,100,1
Eskayef,1700,FACID 250MG TAB 10S,HYDROCORTISONE+FUSIDIC ACID,250mg,Tablet,100,100,10
Eskayef,1189,FACID HC CREAM 10GM,HYDROCORTISONE+FUSIDIC ACID,-,Cream,100,100,1
Eskayef,1811,FAVIPIR 200MG FC TAB 10S,Favipiravir,200mg,Tablet,100,100,10
Eskayef,1621,FENOBAC 100ML SYP,BACLOFEN,100ml,Syrup,100,100,1
Eskayef,1368,FENOBAC 10MG TAB 30S,BACLOFEN,10mg,Tablet,100,100,30
Eskayef,1389,FENOBAC 5MG TAB 50S,BACLOFEN,5mg,Tablet,100,100,50
Eskayef,1617,FEOFER 100MG 5ML IV INJ 1S,IRON SUCROSE,100mg/5ml,Injection,100,100,1
Eskayef,1660,FEOFER DS 10ML INJ,IRON SUCROSE,200mg/10ml,Injection,100,100,1
Eskayef,1160,FEOFOL CI CAP 30S,Carbonyl Iron with Folic Acid,0,Capsule,100,100,30
Eskayef,1007,FEOFOL TR CAP 90S,Iron + Folic Acid,0,Capsule,100,100,90
Eskayef,1380,FEOZIN TAB 100S,FOLIC ACID+ZINC,0,Tablet,100,100,100
Eskayef,1417,FIBRINO 500MG CAP 18S,TRANEXAMIC ACID,500mg,Capsule,100,100,18
Eskayef,1009,FLUCLOXIN SUS 100ML,FLUCLOXACILLIN,-,Dry Suspension,100,100,1
Eskayef,1008,FLUCLOXIN CAP 250MG 100S,FLUCLOXACILLIN,250mg,Capsule,100,100,100
Eskayef,1576,FLUCLOXIN 500MG CAP 40S,FLUCLOXACILLIN,500mg,Capsule,100,100,40
Eskayef,1718,FLUCLOXIN 500MG IM IV INJ,FLUCLOXACILLIN,500mg,Injection,100,100,1
Eskayef,1065,FLUCODER CAP 150MG 10S,FLUCONAZOLE,150mg,Capsule,100,100,10
Eskayef,1551,FLUCODER 200MG CAP 10S,FLUCONAZOLE,200mg,Capsule,100,100,10
Eskayef,1515,FLUCODER 35ML DRY SUS,FLUCONAZOLE,-,Dry Suspension,100,100,1
Eskayef,1049,FLUCODER CAP 50MG 30S,FLUCONAZOLE,50mg,Capsule,100,100,30
Eskayef,1584,FLUFLAM 0.1% OPT SUS,FLUOROMETHOLONE,5ml,Ophthalmic Solution,100,100,1
Eskayef,1182,FOLVIT CI CAP 60S,FOLIC ACID+FERROUS+VIT-B1+B2+B6+NIK+C,0,Capsule,100,100,60
Eskayef,1143,FOLVIT CAP 90S,FOLIC ACID+FERROUS+VIT-B1+B2+B6+NIK+C,0,Capsule,100,100,90
Eskayef,1525,FRESHTEAR 10ML OPT SOL,POLYETHYLENE+PROPYLENE,-,Ophthalmic Solution,100,100,1
Eskayef,1630,FRESHTEAR P 10ML OPT SOL,POLYETHYLENE+PROPYLENE,10ml,Ophthalmic Solution,100,100,1
Eskayef,1379,GASNIL PD 15ML,SIMETHICONE,-,Paediatric Drop,100,100,1
Eskayef,1511,GASTID 200ML SUS,MAGALDRATE+SIMETHICONE,-,Suspension,100,100,1
Eskayef,1523,GASTID CHEWABLE TAB 60S,MAGALDRATE+SIMETHICONE,0,Tablet,100,100,60
Eskayef,1579,GELID CHEWABLE TAB 50S,SODIUM ALGINATE+POTASSIUM BICARBONATE,600mg,Tablet,100,100,50
Eskayef,1578,GELID ORAL SUS 200ML,SODIUM ALGINATE+POTASSIUM BICARBONATE,200ml,Suspension,100,100,1
Eskayef,1594,GLIKAZID 30 MR TAB 30S,GLICLAZIDE,30mg MR,Tablet,100,100,30
Eskayef,1573,GLIKAZID 60MG MR TAB 20S,GLICLAZIDE,80mg,Tablet,100,100,20
Eskayef,1684,GLIKAZID 80MG TAB 40S,GLICLAZIDE,80mg,Tablet,100,100,40
Eskayef,1225,GLUNOR 500MG TAB 50S,METFORMIN,500mg,Tablet,100,100,50
Eskayef,1226,GLUNOR 850MG TAB 50S,METFORMIN,850mg,Tablet,100,100,50
Eskayef,1227,GLUNOR XR TAB 50S,METFORMIN,0,Tablet,100,100,50
Eskayef,1323,GTN TAB 50S,NITROGLYCERIN,2.6mg,Tablet,100,100,50
Eskayef,1840,GTN SUBLINGUAL SPRAY 1S,NITROGLYCERIN,400mcg/Spray (200 Sprays),Spray,100,100,1
Eskayef,1781,HAIRGROW 2% TOPICAL SOLUTION 60ML,Minoxidil,20mg,Topical Solution,100,100,1
Eskayef,1782,HAIRGROW 5% TOPICAL SOLUTION 60ML,Minoxidil,50mg,Topical Solution,100,100,1
Eskayef,1299,HANDIRUB 200ML SOL,CHLORHEXIDINE,-,Solution,100,100,1
Eskayef,1300,HANDIRUB 50ML SOL,CHLORHEXIDINE,-,Solution,100,100,1
Eskayef,1819,HANDISAFE ANTISEPTIC SOLUTION 200ML,Ethanol,80% v/v,Solution,100,100,1
Eskayef,1808,HANDISANITIZER 200ML SOLUTION,Isopropyl Alcohol,75% v/v,Solution,100,100,1
Eskayef,1665,HAPYTAB ER TAB 30S,DESVENLAFAXINE,50mg,Tablet,100,100,30
Eskayef,1361,HI C SYP 100ML,Ascorbic Acid,-,Syrup,100,100,1
Eskayef,1809,H QUIN 200MG FC TAB 20S,HYDROXYCHLOROQUINE,200mg,Tablet,100,100,20
Eskayef,1256,HUNNY SYP 100ML,GLYCERIN+LIQUID SUGAR,-,Solution,100,100,1
Eskayef,1137,IRBES 150MG TAB 30S,IRBESARTAN,150mg,Tablet,100,100,30
Eskayef,1136,IRBES 75MG TAB 50S,IRBESARTAN,75mg,Tablet,100,100,50
Eskayef,1664,ISOBGUL 140GM CONTAINER 1S,ISPAGHULA HUSK,140gm,Powder,100,100,1
Eskayef,1662,ISOBGUL SACHET 20S,ISPAGHULA HUSK,3.5gm,Powder,100,100,20
Eskayef,1829,ITCHNIL 20G CREAM 1S,(Pramoxine HCL 1g+Calamine 3g)/100g,Pramoxine HCL 1g+Calamine 3g)/100g,Cream,100,100,1
Eskayef,1815,IVACURE 3MG TAB 30S,IVERMECTIN,3mg,Tablet,100,100,30
Eskayef,1816,IVACURE 6MG TAB 10S,IVERMECTIN,6mg,Tablet,100,100,10
Eskayef,1603,JUCI PFS 20S,Ascorbic Acid,500mg,Powder,100,100,20
Eskayef,1740,JUCI CHEWABLE TAB 200S,Ascorbic Acid,250mg,Tablet,100,100,200
Eskayef,1659,JUCI DIET 20S,Ascorbic Acid,500mg,Powder,100,100,20
Eskayef,1738,JUCI PLUS CHEWABLE TAB 100S,Ascorbic Acid,Ascorbic Acid 180mg + Sodium Ascorbate 360mg,Tablet,100,100,100
Eskayef,1652,KEFUCLAV 250MG TAB 16S,CEFUROXIME+CLAVULANIC ACID,250mg,Tablet,100,100,16
Eskayef,1653,KEFUCLAV 500MG TAB 8S,CEFUROXIME+CLAVULANIC ACID,500mg,Tablet,100,100,8
Eskayef,1678,KEFUCLAV 70ML SUSPENSION  PFS ,CEFUROXIME+CLAVULANIC ACID,Cefuroxime 125mg & Clavulanic Acid 31.25mg per 5ml,Suspension,100,100,1
Eskayef,1484,KETONIC 10MG TAB 30S,KETOROLAC,10mg,Tablet,100,100,30
Eskayef,1405,KETONIC 30 IM IV INJ 1S,KETOROLAC,30mg,Injection,100,100,1
Eskayef,1402,KETONIC 60 IM IV INJ 1S,KETOROLAC,60mg,Injection,100,100,1
Eskayef,1751,KEZONA 200MG TAB 30S,KETOCONAZOLE,200mg,Tablet,100,100,30
Eskayef,1392,KILMAX 1.5GM IV INJ,CEFUROXIME,1.5gm,Injection,100,100,1
Eskayef,1375,KILMAX 125MG TAB 14S,CEFUROXIME,125mg,Tablet,100,100,14
Eskayef,1580,KILMAX 250MG TAB 16S,CEFUROXIME,250mg,Tablet,100,100,16
Eskayef,1581,KILMAX 500MG TAB 8S,CEFUROXIME,500mg,Tablet,100,100,8
Eskayef,1367,KILMAX 70ML PFS,CEFUROXIME,-,Suspension,100,100,1
Eskayef,1366,KILMAX 750MG IV IM INJ,CEFUROXIME,750mg,Injection,100,100,1
Eskayef,1199,LAXITOL SACHET 10S,LACTITOL MONOHYDRATE,10gm,Powder,100,100,10
Eskayef,1528,LENOR 2.5MG TAB 10S,LETROZOLE,2.5mg,Tablet,100,100,10
Eskayef,1849,LEVETAM 250MG TAB 30S,Levetiracetam,250mg,Tablet,100,100,30
Eskayef,1851,LEVETAM 500MG TAB 20S,Levetiracetam,500mg,Tablet,100,100,20
Eskayef,1850,LEVETAM XR 500MG TAB 20S,Levetiracetam,500mg,Tablet,100,100,20
Eskayef,1411,LEVOMAX 500MG TAB 20S,LEVOFLOXACIN,500mg,Tablet,100,100,20
Eskayef,1531,LEVOMAX 5ML OPT SOL,Levofloxacin,-,Ophthalmic Solution,100,100,1
Eskayef,1413,LEVOMAX 750MG TAB 10S,LEVOFLOXACIN,750mg,Tablet,100,100,10
Eskayef,1608,LEVOMAX TS 5ML OPT SOL,Levofloxacin,1.5ml,Ophthalmic Solution,100,100,1
Eskayef,1748,LICNIL 117GM LOTION,Ivermectin,117gm,Lotion,100,100,1
Eskayef,1747,LICNIL 60GM LOTION,Ivermectin,60gm,Lotion,100,100,1
Eskayef,1758,LIGAZID 5MG TAB 30S,LINAGLIPTIN+METFORMIN,5mg,Tablet,100,100,30
Eskayef,1657,LIGAZID M 2.5 1000 MG TAB 18S,LINAGLIPTIN+METFORMIN,2.5/1000mg,Tablet,100,100,18
Eskayef,1755,LIGAZID M 2.5 500MG TAB 30S,LINAGLIPTIN+METFORMIN,2.5/500,Tablet,100,100,30
Eskayef,1656,LIGAZID M 2.5 850 MG TAB 18S,LINAGLIPTIN+METFORMIN,2.5/850mg,Tablet,100,100,18
Eskayef,1431,LINDAMAX 150MG CAP 30S,CLINDAMYCIN,150mg,Capsule,100,100,30
Eskayef,1512,LINDAMAX 25ML LOTION,CLINDAMYCIN,-,Lotion,100,100,1
Eskayef,1432,LINDAMAX 300MG CAP 30S,CLINDAMYCIN,300mg,Capsule,100,100,30
Eskayef,1545,LINDAMAX PLUS 10GM GEL,CLINDAMYCIN,10gm,Gel,100,100,1
Eskayef,1666,LIPICON 10MG TAB 50S,ATORVASTATIN,10mg,Tablet,100,100,50
Eskayef,1775,LIPICON 10MG TAB CONTAINER 30S,ATORVASTATIN,10mg,Tablet,100,100,30
Eskayef,1667,LIPICON 20MG TAB 30S,ATORVASTATIN,20mg,Tablet,100,100,30
Eskayef,1078,LOSECTIL 10MG CAP 48S,OMEPRAZOLE,10mg,Capsule,100,100,48
Eskayef,1806,LOSECTIL 10MG CAP 60S,OMEPRAZOLE,10mg,Capsule,100,100,60
Eskayef,1376,LOSECTIL 20MG CAP 100S,OMEPRAZOLE,20mg,Capsule,100,100,100
Eskayef,1784,LOSECTIL 20MG CAP 120S,OMEPRAZOLE,20mg,Capsule,100,100,120
Eskayef,1577,LOSECTIL 20MG PFS 50S,OMEPRAZOLE,20mg,Suspension,100,100,50
Eskayef,1574,LOSECTIL 40MG CAP 60S,OMEPRAZOLE,40mg,Capsule,100,100,60
Eskayef,1421,LOSECTIL 40MG IV INJ,OMEPRAZOLE,40mg,Injection,100,100,1
Eskayef,1464,LOSECTIL 40MG PFS 30S,OMEPRAZOLE,40mg,Suspension,100,100,30
Eskayef,1716,LOSECTIL MUPS 20MG TAB,OMEPRAZOLE,20mg,Tablet,100,100,50
Eskayef,1743,LOSECTIL MUPS 40MG TAB,OMEPRAZOLE,40mg,Tablet,100,100,24
Eskayef,1604,LOSECTIL V 20MG CAP 100S,OMEPRAZOLE,20mg,Capsule,100,100,100
Eskayef,1605,LOSECTIL V 40MG CAP 60S,OMEPRAZOLE,40mg,Capsule,100,100,60
Eskayef,1283,LOSITA 10MG TAB 20S,ESCITALOPRAM,10mg,Tablet,100,100,20
Eskayef,1757,LOSITA 20MG TAB 20S,ESCITALOPRAM,20mg,Tablet,100,100,20
Eskayef,1336,LOSITA 5MG TAB 40S,ESCITALOPRAM,5mg,Tablet,100,100,40
Eskayef,1585,LOTREL 0.5% OPT SUS,LOTEPREDNOL+TOBRAMYCIN,5ml,Ophthalmic Solution,100,100,1
Eskayef,1703,LOTREL G OPT SUS 5ML,LOTEPREDNOL+TOBRAMYCIN,0.5%+0.3%,Ophthalmic Solution,100,100,1
Eskayef,1596,LOTREL T OPT SUS 5ML,LOTEPREDNOL+TOBRAMYCIN,5ml,Ophthalmic Solution,100,100,1
Eskayef,1765,LULIZOL 10GM CREAM,LULICONAZOLE,10gm,Cream,100,100,1
Eskayef,1788,LULIZOL 20GM CREAM,LULICONAZOLE,1% Cream,Cream,100,100,1
Eskayef,1818,LUMONA 10MG FC TAB 42S,MONTELUKAST,10mg,Tablet,100,100,42
Eskayef,1502,LUMONA 10MG TAB 30S,MONTELUKAST,10mg,Tablet,100,100,30
Eskayef,1622,LUMONA 4 FT FLASH TAB 30S,MONTELUKAST,4mg,Tablet,100,100,30
Eskayef,1448,LUMONA 4MG SACHET 30S,MONTELUKAST,4mg,Suspension,100,100,30
Eskayef,1623,LUMONA 5 FT FLASH TAB 30S,MONTELUKAST,5mg,Tablet,100,100,30
Eskayef,1848,MAXFER 1GM IV INJ 1S,Ferric Carboxymaltose,1gm/20ml,Injection,100,100,1
Eskayef,1791,MAXFER 500MG IV INJ 1S,Ferric Carboxymaltose,5gm/100ml,Injection,100,100,1
Eskayef,1012,MEBIDAL TAB 200S,MEBHYDROLIN,0,Tablet,100,100,200
Eskayef,1230,MECOPEN TABL 50S,MECOBALAMIN,0,Tablet,100,100,50
Eskayef,1772,MEMANTO 10MG FC TABLET 20S,MEMANTINE,10mg,Tablet,100,100,20
Eskayef,1771,MEMANTO 5MG FC TABLET 30S,MEMANTINE,5mg,Tablet,100,100,30
Eskayef,1480,MEROJECT 1GM IV INJ 1S,MEROPENEM,-,Injection,100,100,1
Eskayef,1479,MEROJECT 500MG IV INJ 1S,MEROPENEM,-,Injection,100,100,1
Eskayef,1535,METCO 100ML IV INFUSION,METRONIDAZOLE,-,Injection,100,100,1
Eskayef,1013,METCO 400MG TAB 100S,METRONIDAZOLE,400mg,Tablet,100,100,100
Eskayef,1044,METCO 60ML SUS,METRONIDAZOLE,-,Suspension,100,100,1
Eskayef,1422,MILAM 15MG IV IM INJ 1S,MIDAZOLAM,-,Injection,100,100,1
Eskayef,1519,MILAM 15MG TAB 20S,Midazolam  Maleate,15mg,Tablet,100,100,20
Eskayef,1508,MILAM 7.5MG TAB 40S,MIDAZOLAM,7.5mg,Tablet,100,100,40
Eskayef,1752,MIRAFLO 25MG TAB 10S,MIRABEGRON,25mg,Tablet,100,100,10
Eskayef,1618,MIRATEN 100ML SYP,BUTAMIRATE,7.5mg/ 5ml,Syrup,100,100,1
Eskayef,1671,MIRATEN 15ML PD DROPS,BUTAMIRATE,5mg/ml,Syrup,100,100,1
Eskayef,1720,MIRATEN 200ML SYP,BUTAMIRATE,Butamirate Citrate 7.5mg/5ml,Syrup,100,100,1
Eskayef,1318,MIXAVIT SYP 100ML,VIT-A+D+B1+B2+B6+C+E+NIK+CODOIL,-,Syrup,100,100,1
Eskayef,1583,MUCOTEN 100ML SYP,BROMHEXINE,4mg/5ml,Syrup,100,100,1
Eskayef,1443,MUPIRON OINTMENT 10GM,MUPIROCIN,-,Ointment,100,100,1
Eskayef,1690,MUPIRON 20GM OINTMENT,MUPIROCIN,2% w/w,Ointment,100,100,1
Eskayef,1114,MYCOFIN 250MG TAB 10S,TERBINAFINE,250mg,Tablet,100,100,10
Eskayef,1152,MYCOFIN CREAM 5GM,TERBINAFINE,-,Cream,100,100,1
Eskayef,1789,NABUMET 500MG FC TAB 30S ,NABUMETONE,500 mg,Tablet,100,100,30
Eskayef,1790,NABUMET 750MG FC TAB 24S,NABUMETONE,750mg,Tablet,100,100,24
Eskayef,1260,NAPROX 15GM GEL,NAPROXEN+ESOMEPRAZOLE,15gm,Gel,100,100,1
Eskayef,1014,NAPROX TAB 250MG 50S,NAPROXEN+ESOMEPRAZOLE,250mg,Tablet,100,100,50
Eskayef,1073,NAPROX 500MG TAB 50S,NAPROXEN+ESOMEPRAZOLE,500mg,Tablet,100,100,50
Eskayef,1241,NAPROX SUS 50ML,NAPROXEN+ESOMEPRAZOLE,-,Suspension,100,100,1
Eskayef,1509,NAPROX PLUS 375MG TAB 30S,NAPROXEN+ESOMEPRAZOLE,375mg,Tablet,100,100,30
Eskayef,1628,NAPROX PLUS 500MG TAB 36S,NAPROXEN+ESOMEPRAZOLE,500mg,Tablet,100,100,36
Eskayef,1838,NAPROX PLUS 500MG TAB 40S,NAPROXEN+ESOMEPRAZOLE,Naproxen 500mg + Esomeprazole 20mg,Tablet,100,100,40
Eskayef,1370,NEORICE SACHET 10S,ORS,-,Powder,100,100,10
Eskayef,1204,NEOSALINE 10.25GM 50S,Sodium Chloride + Potassium Chloride + Sodium citrate + Glucose Anhydrous,-,Powder,100,100,50
Eskayef,1704,NOCLOG 75MG TAB 40S,CLOPIDOGREL,75mg,Tablet,100,100,40
Eskayef,1683,NOCLOG PLUS 75MG TAB 40S,CLOPIDOGREL,75mg + 75mg,Tablet,100,100,40
Eskayef,1381,NOFICON CAP 200MG 40S,FENOFIBRATE,200mg,Capsule,100,100,40
Eskayef,1337,NORIUM 10MG TAB 60S,FLUNARIZINE,10mg,Tablet,100,100,60
Eskayef,1170,NORIUM 5MG TAB 100S,FLUNARIZINE,5mg,Tablet,100,100,100
Eskayef,1635,NOSPOT 30GM CREAM,FLUOCINOLONE+HYDROQUINONE+TRETINOIN,30mg,Cream,100,100,1
Eskayef,1273,NRG 10GM PFS 20S,DEXTROSE,-,Suspension,100,100,20
Eskayef,1793,NYCOF 100ML SYRUP,GUAIFENESIN+DIPHENHYDRAMINE+LEVOMENTHOL,(Guaifenesin 2gm+Diphenhydramine Hydrochloride 0.2,Syrup,100,100,1
Eskayef,1792,NYCOF D 100ML SYRUP,GUAIFENESIN+DIPHENHYDRAMINE+LEVOMENTHOL,Dextromethorphan 0.130 gm + Diphenhydramine 0.280 ,Syrup,100,100,1
Eskayef,1638,OLMESTA 10MG TAB 30S,OLMESARTAN,10mg,Tablet,100,100,30
Eskayef,1639,OLMESTA 20MG TAB 30S,OLMESARTAN,20mg,Tablet,100,100,30
Eskayef,1640,OLMESTA 40MG TAB 20S,OLMESARTAN,40mg,Tablet,100,100,20
Eskayef,1836,OLMESTA M 5 40 FC TAB 28S,OLMESARTAN,Olmesartan Medoxomil 40mg + Amlodipine 5mg,Tablet,100,100,28
Eskayef,1673,OLMESTA M TAB 30S,OLMESARTAN,20mg/5mg,Tablet,100,100,30
Eskayef,1641,OLMESTA PLUS TAB 30S,OLMESARTAN,20mg & 12.5mg,Tablet,100,100,30
Eskayef,1118,ONTIN TAB 100S,CETIRIZINE,10mg,Tablet,100,100,100
Eskayef,1119,ONTIN SYP 60ML,CETIRIZINE,-,Syrup,100,100,1
Eskayef,1067,ORADIN 10MG TAB 100S,LORATADINE,10mg,Tablet,100,100,100
Eskayef,1082,ORADIN 60ML SUS,LORATADINE,-,Suspension,100,100,1
Eskayef,1294,ORADIN FT TAB 40S,LORATADINE,10mg,Tablet,100,100,40
Eskayef,1433,OROGURD ORAL GEL 15GM 1S,MICONAZOLE,15gm,Gel,100,100,1
Eskayef,1770,OSTIBAN 150MG FC TAB 1S,IBANDRONATE,150mg,Tablet,100,100,1
Eskayef,1756,OSTICARE FC TAB CONTAINER 30S,GLUCOSAMINE+DIACEREIN,50mg + 750mg,Tablet,100,100,30
Eskayef,1644,OSTICARE TAB 30S,GLUCOSAMINE+DIACEREIN,50mg+ 750mg,Tablet,100,100,30
Eskayef,1072,OSTOCAL TAB 500MG 100S,CALCIUM CARBONATE,500mg,Tablet,100,100,100
Eskayef,1712,OSTOCAL D CHEWABLE TAB 20S,CALCIUM CARBONATE,500mg,Tablet,100,100,20
Eskayef,1445,OSTOCAL D TAB 20S,CALCIUM CARBONATE,0,Tablet,100,100,20
Eskayef,1219,OSTOCAL D TAB 500MG 30S,CALCIUM CARBONATE,0,Tablet,100,100,30
Eskayef,1676,OSTOCAL DX TAB 36S,CALCIUM CARBONATE,Calcium Carbonate 600mg+Vitamin D 400 IU,Tablet,100,100,36
Eskayef,1613,OSTOCAL DX TAB CONTAINER 30S,CALCIUM CARBONATE,600mg,Tablet,100,100,30
Eskayef,1649,OSTOCAL G TAB CONTAINER 30S,CALCIUM CARBONATE,500mg/200IU,Tablet,100,100,30
Eskayef,1646,OSTOCAL G TAB 40S,CALCIUM CARBONATE,1250mg/200IU,Tablet,100,100,40
Eskayef,1636,OSTOCAL GX TAB 30S,CALCIUM CARBONATE,600mg,Tablet,100,100,30
Eskayef,1534,OSTOCAL JR 250MG TAB 30S,CALCIUM CARBONATE,250mg,Tablet,100,100,30
Eskayef,1338,OSTOCAL M TAB 500MG 30S,CALCIUM CARBONATE,0,Tablet,100,100,30
Eskayef,1837,OSTOCAL VITA EFFERVESCENT TAB 10S,CALCIUM CARBONATE,600mg and 400 IU,Tablet,100,100,10
Eskayef,1763,OSTOVIT D 1000 IU GUMMY TAB 50S,Vitamin D3,1000 IU,Tablet,100,100,50
Eskayef,1762,OSTOVIT D 20000 IU CAP 10S,Vitamin D3,20000 IU,Capsule,100,100,10
Eskayef,1761,OSTOVIT D 40000 IU CAP 12S,Vitamin D3,40000 IU,Capsule,100,100,12
Eskayef,1412,PAINO 100MG TAB 100S,ACECLOFENAC,100mg,Tablet,100,100,100
Eskayef,1774,PALOSIS 0.075MG IV INJ 5S,PALONOSETRON,0.075mg/1.5ml,Injection,100,100,5
Eskayef,1777,PALOSIS 0.25MG IV INJ 3S,PALONOSETRON,0.25mg/5ml,Injection,100,100,3
Eskayef,1674,PALOSIS 0.5 MG CAP 20S,PALONOSETRON,0.5mg,Capsule,100,100,20
Eskayef,1675,PALOSIS 0.5 MG TAB 20S,PALONOSETRON,0.5mg,Tablet,100,100,20
Eskayef,1275,PANORAL 20MG TAB 40S,PANTOPRAZOLE,20mg,Tablet,100,100,40
Eskayef,1276,PANORAL 40MG TAB 40S,PANTOPRAZOLE,40mg,Tablet,100,100,40
Eskayef,1824,PARIX 40MG LYOPHILIZED POWDER FOR IV IM INJ 1S,PARECOXIB,40MG,Injection,100,100,1
Eskayef,1266,PEPTIL H SYP 100ML,RANITIDINE,-,Syrup,100,100,1
Eskayef,1779,PEPTIL H 150MG TAB 210S,RANITIDINE,150mg,Tablet,100,100,210
Eskayef,1398,PEPTIL H 2ML IM IV INJ,RANITIDINE,-,Injection,100,100,10
Eskayef,1180,PEROSA 30GM CREAM,PERMETHRIN,-,Cream,100,100,1
Eskayef,1609,PG 25MG CAP 24S,PREGABALIN,25mg,Capsule,100,100,24
Eskayef,1813,PG 25MG CAP 30S,PREGABALIN,25mg,Capsule,100,100,30
Eskayef,1507,PG 50MG CAP 30S,PREGABALIN,50mg,Capsule,100,100,30
Eskayef,1481,PG 75MG CAP 30S,PREGABALIN,75mg,Capsule,100,100,30
Eskayef,1582,PIVASTA 2MG TAB 20S,PITAVASTATIN,2mg,Tablet,100,100,20
Eskayef,1688,POVIDON 1LITER SOLUTION,POVIDONE-IODINE,0,Solution,100,100,1
Eskayef,1616,POVIDON 100ML SOL,POVIDONE-IODINE,10ml,Solution,100,100,1
Eskayef,1681,POVIDON 20GM OINTMENT,POVIDONE-IODINE,5g/100g,Ointment,100,100,1
Eskayef,1658,POVIDON 30 ML SOL,POVIDONE-IODINE,30 ml,Solution,100,100,1
Eskayef,1462,PRED 10MG TAB 100S,PREDNISOLONE,10mg,Tablet,100,100,100
Eskayef,1463,PRED 20MG TAB 50S,PREDNISOLONE,20mg,Tablet,100,100,50
Eskayef,1461,PRED 5MG TAB 200S,PREDNISOLONE,5mg,Tablet,100,100,200
Eskayef,1593,PRED 5ML OPT SUS,Prednisolone Acetate,5ml,Ophthalmic Solution,100,100,1
Eskayef,1831,PROTECTO 1GM TAB 50S,SUCRALFATE,1gm,Tablet,100,100,50
Eskayef,1830,PROTECTO 500MG TAB 100S,SUCRALFATE,500mg,Tablet,100,100,100
Eskayef,1441,PROTINEX INFUSION 500ML,SORBITOL+AMINO ACID,-,Infusion,100,100,1
Eskayef,1565,PROTINEX ULTRA 510 IV 500ML INFUSION,SORBITOL+AMINO ACID,500ml,Infusion,100,100,1
Eskayef,1536,QUINOX 100ML IV INFUSION,CIPROFLOXACIN,-,Infusion,100,100,1
Eskayef,1020,QUINOX TAB 250MG 30S,CIPROFLOXACIN,250mg,Tablet,100,100,30
Eskayef,1388,QUINOX 500 TAB 20S,CIPROFLOXACIN,500mg,Tablet,100,100,20
Eskayef,1231,QUINOX 500 TABLET 40S,CIPROFLOXACIN,500mg,Tablet,100,100,40
Eskayef,1097,QUINOX 750MG TAB 10S,CIPROFLOXACIN,750mg,Tablet,100,100,10
Eskayef,1328,QUINOX DS 60ML PELLETS FOR SUS,CIPROFLOXACIN,-,Suspension,100,100,1
Eskayef,1642,RABIFAST 20 MG TAB 70S,RABEPRAZOLE,20 mg,Tablet,100,100,70
Eskayef,1802,RAGIL 0.5MG FC TAB 30S,Rasagiline,0.5mg,Tablet,100,100,30
Eskayef,1803,RAGIL 1MG FC TAB 30S,Rasagiline,1mg,Tablet,100,100,30
Eskayef,1800,RASHCURE 5% 50GM OINTMENT,Dexpanthenol,0.05,Ointment,100,100,1
Eskayef,1805,REELIFE FC TABLET 56S,AMTRIPTYLINE+CHLORDIAZEPOXIDE,Amitriptyline 12.5mg + Chlordiazepoxide 5mg,Tablet,100,100,56
Eskayef,1661,REELIFE TABLET 40S,AMTRIPTYLINE+CHLORDIAZEPOXIDE,5mg & 12.5mg,Tablet,100,100,40
Eskayef,1798,REJOY 15MG FC TAB 30S,MIRTAZAPINE,15mg,Tablet,100,100,30
Eskayef,1799,REJOY 30MG FC TAB 30S,MIRTAZAPINE,30mg,Tablet,100,100,30
Eskayef,1797,REJOY 7.5MG FC TAB 30S,MIRTAZAPINE,7.5mg,Tablet,100,100,30
Eskayef,1812,REMIVIR 100MG LYOPHILIZED IV INJ 1S,REMDESIVIR,100mg,Injection,100,100,1
Eskayef,1124,REOMEN 50MG TAB 20S,CLOMIPHENE,50mg,Tablet,100,100,20
Eskayef,1176,RESTOL 3MG TAB 30S,BROMAZEPAM,3mg,Tablet,100,100,30
Eskayef,1099,RIDON TAB 100S,DOMPERIDONE,10mg,Tablet,100,100,100
Eskayef,1163,RIDON SUS 60 ML,DOMPERIDONE,-,Suspension,100,100,1
Eskayef,1347,RIDON EG 10MG SACHETS 20S,DOMPERIDONE,10mg,Tablet,100,100,20
Eskayef,1745,RIDON FAST 10MG TAB,DOMPERIDONE,10mg,Tablet,100,100,100
Eskayef,1550,RIVAROX 10MG TAB 20S,RIVAROXABAN,10mg,Tablet,100,100,20
Eskayef,1647,RIVAROX 15MG FC TAB 20S,RIVAROXABAN,15mg,Tablet,100,100,20
Eskayef,1670,RIVAROX 2.5MG TAB 30S,RIVAROXABAN,2.5mg,Tablet,100,100,30
Eskayef,1672,RIVAROX 20MG TAB 20S,RIVAROXABAN,20mg,Tablet,100,100,20
Eskayef,1537,ROMFEN 5ML OPT SOL,BROMFENAC,-,Ophthalmic Solution,100,100,1
Eskayef,1668,ROMFEN S 5ML OPT SOL,BROMFENAC,0,Ophthalmic Solution,100,100,1
Eskayef,1592,ROXIM PD DROPS,CEFIXIME,15ml,Paediatric Drop,100,100,1
Eskayef,1493,ROXIM 200MG CAP 16S,CEFIXIME,200mg,Capsule,100,100,16
Eskayef,1453,ROXIM PFS 30ML,CEFIXIME,-,Suspension,100,100,1
Eskayef,1759,ROXIM 400MG CAP 10S,CEFIXIME,400mg,Capsule,100,100,10
Eskayef,1494,ROXIM 400MG CAP 8S,CEFIXIME,400mg,Capsule,100,100,8
Eskayef,1131,ROXIM 50ML SUS,CEFIXIME,-,Suspension,100,100,1
Eskayef,1455,ROXIM 75ML DRY SUS L,CEFIXIME,-,Suspension,100,100,1
Eskayef,1454,ROXIM XL PFS 60ML,CEFIXIME,-,Suspension,100,100,1
Eskayef,1589,RUPADAY 10MG TAB 30S,RUPATADINE,10mg,Tablet,100,100,30
Eskayef,1698,RUPADAY ORAL SOL 60ML,RUPATADINE,5mg/5ml,Solution,100,100,1
Eskayef,1669,SALOMAX 4MG TAB 500S,SALBUTAMOL,4 mg,Tablet,100,100,1
Eskayef,1731,SALOMAX INHALER,SALBUTAMOL,100mcg,Inhaler,100,100,1
Eskayef,1154,SENSIT TAB 50S,MELITRACEN+FLUPENTHIXOL,0,Tablet,100,100,50
Eskayef,1222,SENTIX 0.5MG TAB 50S,FLUPENTIXOL,0.5mg,Tablet,100,100,50
Eskayef,1223,SENTIX 1MG TAB 30S,FLUPENTIXOL,1mg,Tablet,100,100,30
Eskayef,1723,SEROPIN 100MG TAB 30S,QUETIAPINE,100mg,Tablet,100,100,30
Eskayef,1722,SEROPIN 25MG TAB 50S,QUETIAPINE,25mg,Tablet,100,100,50
Eskayef,1068,SIDOPIN 5MG TAB 50S,AMLODIPINE,5mg,Tablet,100,100,50
Eskayef,1220,SIDOPLUS 25MG TAB 40S,AMLODIPINE,25mg,Tablet,100,100,40
Eskayef,1682,SIDOPLUS 50MG TAB 50S,AMLODIPINE,50mg/5mg,Tablet,100,100,50
Eskayef,1728,SITAZID 100MG TAB 10S,SITAGLIPTIN,100mg,Tablet,100,100,10
Eskayef,1727,SITAZID 50MG TAB 20S,SITAGLIPTIN,50mg,Tablet,100,100,20
Eskayef,1733,SITAZID M 50 1000 TAB 18S,SITAGLIPTIN,50/1000mg,Tablet,100,100,18
Eskayef,1729,SITAZID M 50 500 TAB 20S,SITAGLIPTIN,Sitagliptin 50mg + Metformin 500mg,Tablet,100,100,20
Eskayef,1447,SK CEF 500MG CAP 30S,CEFRADINE,500mg,Capsule,100,100,30
Eskayef,1028,SK CEF SUS 100ML,CEFRADINE,-,Dry Suspension,100,100,1
Eskayef,1048,SK CEF PD DROP,CEFRADINE,-,Paediatric Drop,100,100,1
Eskayef,1206,SK CEF IM IV INJ 1GM 1S,CEFRADINE,-,Injection,100,100,1
Eskayef,1026,SK CEF 250MG CAP 48S,CEFRADINE,250mg,Capsule,100,100,48
Eskayef,1169,SK CEF IM IV INJ 500MG 1S,CEFRADINE,-,Injection,100,100,1
Eskayef,1157,SK CEF DRY SUS 100ML,CEFRADINE,-,Dry Suspension,100,100,1
Eskayef,1156,SK CEF DRY SUS 60ML,CEFRADINE,-,Dry Suspension,100,100,1
Eskayef,1025,SK MOX SUS 100ML,AMOXYCILLIN,-,Dry Suspension,100,100,1
Eskayef,1047,SK MOX PD DROP,AMOXYCILLIN,-,Paediatric Drop,100,100,1
Eskayef,1024,SK MOX 250 MG CAP 100S,AMOXYCILLIN,250mg,Capsule,100,100,100
Eskayef,1079,SK MOX 500 CAP 48S,AMOXYCILLIN,500mg,Capsule,100,100,48
Eskayef,1787,SK MOX 500MG CAP 50S,AMOXYCILLIN,500mg,Capsule,100,100,50
Eskayef,1144,SK MOX DS DRY SUS 100ML,AMOXYCILLIN,-,Dry Suspension,100,100,1
Eskayef,1192,SOFTI OINTMENT 50GM,ZINC OXIDE,-,Ointment,100,100,1
Eskayef,1311,SOLBION 3ML IM INJ 10S,VITAMIN B1+B6+B12,-,Injection,100,100,10
Eskayef,1345,SOLBION TAB 50S,VITAMIN B1+B6+B12,0,Tablet,100,100,50
Eskayef,1701,SOLBION TAB CONTAINER 30S,VITAMIN B1+B6+B12,"B1: 100mg, B6: 200mg, B12: 200mg",Tablet,100,100,30
Eskayef,1029,SOLVIT B TAB 45S,VITAMIN B COMPLEX,0,Tablet,100,100,45
Eskayef,1030,SOLVIT M TAB 30S,MULTIVITAMINS+MINERALS,0,Tablet,100,100,30
Eskayef,1031,SOLVITONE SYP 100ML,Vitamin B-Complex,-,Syrup,100,100,1
Eskayef,1179,SOLVITONE SYP 200ML,Vitamin B-Complex,-,Syrup,100,100,1
Eskayef,1444,SOREX ORAL PASTE 5GM,AMLEXANOX,-,Oral Paste,100,100,1
Eskayef,1211,STARIN PD 15ML,CEFPODOXIME,-,Paediatric Drop,100,100,1
Eskayef,1149,STARIN 50ML SUS,CEFPODOXIME,-,Dry Suspension,100,100,1
Eskayef,1505,STIBA 10MG TAB 30S,EBASTINE,10mg,Tablet,100,100,30
Eskayef,1548,STIBA 30ML SYP,EBASTINE,-,Syrup,100,100,1
Eskayef,1277,SULIDAC 100MG TAB 50S,SULINDAC,0,Tablet,100,100,50
Eskayef,1575,SULIDAC 200 TAB 20S,SULINDAC,200mg,Tablet,100,100,20
Eskayef,1750,SUVO 10MG TAB 10S,SUVOREXANT,10mg,Tablet,100,100,10
Eskayef,1558,TADA 10MG TAB 5S,TADALAFIL,10mg,Tablet,100,100,5
Eskayef,1559,TADA 20MG TAB 5S,TADALAFIL,20mg,Tablet,100,100,5
Eskayef,1514,TAMEN 100ML IV INFUSION,PARACETAMOL,-,Infusion,100,100,1
Eskayef,1470,TAMEN SYP 100ML,PARACETAMOL,-,Syrup,100,100,1
Eskayef,1430,TAMEN 500MG TAB 200S,PARACETAMOL,500mg,Tablet,100,100,200
Eskayef,1451,TAMEN SYP 60ML,PARACETAMOL,-,Syrup,100,100,1
Eskayef,1677,TAMEN TURBO TAB 100S,PARACETAMOL,Paracetamol 500mg + Caffeine 65mg,Tablet,100,100,100
Eskayef,1735,TAMEN TURBO TAB 120S,PARACETAMOL,Paracetamol 500mg + Caffeine 65mg,Tablet,100,100,120
Eskayef,1726,TAMEN ULTRA TAB 200S,PARACETAMOL,500mg BP,Tablet,100,100,200
Eskayef,1522,TAMEN X TAB 150S,PARACETAMOL,0,Tablet,100,100,150
Eskayef,1566,TAMEN XR 665MG TAB 100S,PARACETAMOL,665mg,Tablet,100,100,100
Eskayef,1521,TAMENOL 362.5MG TAB 20S,PARACETAMOL,362.5mg,Tablet,100,100,20
Eskayef,1518,TAPENTA 100MG TAB 10S,TAPENTADOL,100mg,Tablet,100,100,10
Eskayef,1796,TAPENTA 100MG TABLET 30S,TAPENTADOL,100mg,Tablet,100,100,30
Eskayef,1516,TAPENTA 50MG TAB 20S,TAPENTADOL,50mg,Tablet,100,100,20
Eskayef,1517,TAPENTA 75MG TAB 10S,TAPENTADOL,75mg,Tablet,100,100,10
Eskayef,1491,TAZIMAX 1GM IM IV INJ 1S,CEFTAZIDIME,-,Injection,100,100,1
Eskayef,1492,TAZIMAX 250MG IM IV INJ 1S,CEFTAZIDIME,-,Injection,100,100,1
Eskayef,1034,TELAZINE 1MG TAB 100S,TRIFLUOPERAZINE,1mg,Tablet,100,100,100
Eskayef,1035,TELAZINE 5MG TAB 100S,TRIFLUOPERAZINE,5mg,Tablet,100,100,100
Eskayef,1654,TENOXIM 20MG TAB 30S,TENOXICAM,20mg,Tablet,100,100,30
Eskayef,1498,THYNOR 50MCG TAB 90S,LEVOTHYROXINE,50mcg,Tablet,100,100,90
Eskayef,1467,TIBONOR 2.5MG TAB 30S,TIBOLONE,2.5mg,Tablet,100,100,30
Eskayef,1298,TIMOTHY TAB 50S,TIEMONIUM METHYL SULPHATE,50mg,Tablet,100,100,50
Eskayef,1309,TIMOTHY INJ 1GM IM IV 5S,TIEMONIUM METHYL SULPHATE,-,Injection,100,100,5
Eskayef,1746,TOJAK 5MG TAB 10S,TOFACITINIB,5mg,Tablet,100,100,10
Eskayef,1371,TOPERIN TAB 50MG 60S,TOLPERISONE,50mg,Tablet,100,100,60
Eskayef,1434,TOPIBET CL OINTMENT 10GM TUBE,Betamethasone Valerate + Clotrimazole,-,Ointment,100,100,1
Eskayef,1475,TOPICLO 10GM CREAM,CLOBETASOL,-,Cream,100,100,1
Eskayef,1476,TOPICLO 10GM OINTMENT,CLOBETASOL,-,Ointment,100,100,1
Eskayef,1835,TOPICLO 30ML SPRAY   1S,CLOBETASOL,30ml,Spray,100,100,1
Eskayef,1834,TOPICLO 60ML LOTION   1S,CLOBETASOL,60ml,Lotion,100,100,1
Eskayef,1590,TOPICLO NN 15GM OINTMENT 1S,CLOBETASOL,0.05%+0.5%+100000 units/gm,Ointment,100,100,1
Eskayef,1477,TOPICLO S 10GM OINTMENT,CLOBETASOL,-,Ointment,100,100,1
Eskayef,1627,TOPICLO S OINTMENT 1S 20G,CLOBETASOL,20g,Ointment,100,100,1
Eskayef,1685,TOPICLO S 6 10GM OINTMENT,CLOBETASOL,Clobetasol 0.05% + Salicyclic Acid 6% ,Ointment,100,100,1
Eskayef,1358,TOPRESS 50MG TAB 100S,METOPROLOL,50mg,Tablet,100,100,100
Eskayef,1232,TOTI SYP 100ML,KETOTIFEN,-,Syrup,100,100,1
Eskayef,1233,TOTI TAB 100S,KETOTIFEN,0,Tablet,100,100,100
Eskayef,1279,TOZA SUS 30ML,NITAZOXANIDE,-,Suspension,100,100,1
Eskayef,1278,TOZA TAB 500MG 12S,NITAZOXANIDE,500mg,Tablet,100,100,12
Eskayef,1280,TOZA SUS 60ML,NITAZOXANIDE,-,Suspension,100,100,1
Eskayef,1401,TRIJECT IM INJ 1GM 1S,CEFTRIAXONE,-,Injection,100,100,1
Eskayef,1391,TRIJECT IV INJ 1GM 1S,CEFTRIAXONE,-,Injection,100,100,1
Eskayef,1403,TRIJECT IM INJ 250MG 1S,CEFTRIAXONE,-,Injection,100,100,1
Eskayef,1390,TRIJECT IV INJ 2GM 1S,CEFTRIAXONE,-,Injection,100,100,1
Eskayef,1399,TRIJECT 500MG IM ING 1S,CEFTRIAXONE,-,Injection,100,100,1
Eskayef,1419,TRIJECT 500MG IV INJ 1S,CEFTRIAXONE,-,Injection,100,100,1
Eskayef,1560,TRIOCLAV 200MG TAB 7S,CEFPODOXIME+CLAVULANIC ACID,200mg,Tablet,100,100,7
Eskayef,1330,TUFNIL TAB 40S,TOLFENAMIC ACID,200mg,Tablet,100,100,40
Eskayef,1749,TUFNIL 200MG TAB 50S,TOLFENAMIC ACID,200mg,Tablet,100,100,50
Eskayef,1274,TULAC ORAL SOL 100ML,LACTULOSE,-,Oral Solution,100,100,1
Eskayef,1844,TURBOHALER,Dry Powder Inhalation Device,N/A,Inhaler,100,100,1
Eskayef,1734,TUSCOF 100ML SYP,DEXTROMETHORPHAN+GUAIPHEN+LEVOMENTH,Guaifenesin 200mg +Dextromethorphan Hydrobromide 1,Syrup,100,100,1
Eskayef,1711,ULICON 30MG TAB 1S,ULIPRISTAL,30mg,Tablet,100,100,1
Eskayef,1571,UROKIT 10 ER TAB 20S,POTASSIUM,10mg,Tablet,100,100,20
Eskayef,1595,UROKIT PLUS ORAL SOL 200ML,POTASSIUM,1500mg & 250mg/5ml,Oral Solution,100,100,1
Eskayef,1543,UROSIN 0.4MG CAP 30S,TAMSULOSIN,0.4mg,Capsule,100,100,30
Eskayef,1619,VALENTY 10MG TAB 4S,VARDENAFIL,10mg,Tablet,100,100,4
Eskayef,1620,VALENTY 20MG TAB 4S,VARDENAFIL,20mg,Tablet,100,100,4
Eskayef,1679,VENTOFIL 200MG TAB 30S,DOXOPHYLLINE,200mg,Tablet,100,100,30
Eskayef,1680,VENTOFIL 400MG TAB 30S,DOXOPHYLLINE,400mg,Tablet,100,100,30
Eskayef,1601,VIGAMET 50500 TAB 20S,VILDAGLIPTIN+METFORMIN,50mg,Tablet,100,100,20
Eskayef,1624,VIGAMET 50850 TAB 18S,VILDAGLIPTIN+METFORMIN,50mg,Tablet,100,100,18
Eskayef,1547,VIGATIN 50MG TAB 20S,VILDAGLIPTIN,50mg,Tablet,100,100,20
Eskayef,1147,VINCET TAB 50S,VINPOCETINE,0,Tablet,100,100,50
Eskayef,1513,VIRENTA 0.5MG TAB 10S,ENTECAVIR,0.5mg,Tablet,100,100,10
Eskayef,1629,VISOMOX 400MG FC TAB 10S,MOXIFLOXACIN,400mg,Tablet,100,100,10
Eskayef,1526,VISOMOX 5ML OPT SOL,Moxifloxacin,-,Ophthalmic Solution,100,100,1
Eskayef,1721,VISOMOX D 5ML OPT SOL,Moxifloxacin+Dexamethasone,0.5%+0.1%,Ophthalmic Solution,100,100,1
Eskayef,1760,VISOVIT CAP 30S,VIT-C+VIT-E+LUTIN+CU+ZN,60mg+30 I.U.+15mg+2mg+6mg,Capsule,100,100,30
Eskayef,1778,VITOCAL D EFFERVESCENT TAB 10S,Elemental Calcium 600mg + Vitamin D3 400 IU,Calcium 600mg + Vitamin D3 400 IU,Tablet,100,100,10
Eskayef,1207,VITRUM GOLD TAB 15S,VITAMIN A-Z-GOLD,0,Tablet,100,100,15
Eskayef,1190,VITRUM GOLD TAB 30S,VITAMIN A-Z-GOLD,0,Tablet,100,100,30
Eskayef,1210,VITRUM SILVER TAB 15S,VITAMIN A-Z-GOLD,0,Tablet,100,100,15
Eskayef,1331,VITRUM SILVER TAB 30S,VITAMIN A-Z-GOLD,0,Tablet,100,100,30
Eskayef,1346,VOLMAX SR 100MG CAP 60S,DICLOFENAC SODIUM,100mg,Capsule,100,100,60
Eskayef,1854,VOLTAGEL 10GM GEL 10S,Diclofenac Sodium,10gm,Gel,100,100,10
Eskayef,1853,VOLTAGEL 50GM GEL 1S,Diclofenac Sodium,50gm,Gel,100,100,1
Eskayef,1825,VOMEND 40MG CAP 6S,APREPITANT,40mg,Capsule,100,100,6
Eskayef,1268,XENTHOL 30 CREAM 15G,METHYL SALICYLATE+MENTHOL,-,Cream,100,100,1
Eskayef,1087,XINC SYP 100 ML,ZINC SULPHATE,-,Syrup,100,100,1
Eskayef,1691,XINC 150ML SYP,ZINC SULPHATE,10mg/5ml,Syrup,100,100,1
Eskayef,1218,XINC 20MG TAB 60S,ZINC SULPHATE,20mg,Tablet,100,100,60
Eskayef,1820,XINC 20MG TAB 100S,ZINC SULPHATE,20mg,Tablet,100,100,100
Eskayef,1240,XINC B SYP 100ML,ZINC SULPHATE,-,Syrup,100,100,1
Eskayef,1456,XINC B SYP 200ML,ZINC SULPHATE,-,Syrup,100,100,1
Eskayef,1272,XINC B TAB 30S,ZINC SULPHATE,0,Tablet,100,100,30
Eskayef,1702,XINC OT 10MG TAB 30S,ZINC SULPHATE,10mg,Tablet,100,100,30
Eskayef,1284,ZATRAL 10MG TAB 24S,ALFUZOSIN,10mg,Tablet,100,100,24
Eskayef,1725,ZEEFOL AZ FC TAB 60S,FOLIC ACID+FERRIC+ZINC,Iron 48mg (Elemental) + Folic Acid 0.5mg + Zinc 22,Tablet,100,100,60
Eskayef,1631,ZEEFOL CI CAP 90S,FOLIC ACID+FERRIC+ZINC,90's,Capsule,100,100,90
Eskayef,1705,ZEEFOL M TAB 100S,FOLIC ACID+FERRIC+ZINC,"Elemental Iron 47mg, Folic Acid 0.5mg, Elemental Z",Tablet,100,100,100
Eskayef,1130,ZEEFOL TR CAP 60S,FOLIC ACID+FERRIC+ZINC,0,Capsule,100,100,60
Eskayef,1532,ZEROMIG 0.5MG TAB 50S,PIZOTIFEN,0.5mg,Tablet,100,100,50
Eskayef,1187,ZILVIT CAP 60S,FOLIC ACID+CIRON+VIT-B1+B2+B6+NIK+C+ZN,0,Capsule,100,100,60
Eskayef,1424,ZITHROX 20ML POWDER FOR SUSPENSION,AZITHROMYCIN,-,Dry Suspension,100,100,1
Eskayef,1606,ZITHROX 250MG TAB 12S,AZITHROMYCIN,250mg,Tablet,100,100,12
Eskayef,1425,ZITHROX DRY SUS 35ML,AZITHROMYCIN,-,Dry Suspension,100,100,1
Eskayef,1427,ZITHROX 500MG TAB 12S,AZITHROMYCIN,500mg,Tablet,100,100,12
Eskayef,1426,ZITHROX 50ML POWDER FOR SUSPENSION,AZITHROMYCIN,-,Dry Suspension,100,100,1
Eskayef,1335,ZOFRA 50ML ORAL SOL,ONDANSETRON,-,Oral Solution,100,100,1
Eskayef,1404,ZOFRA IM IV INJ 8MG 5S,ONDANSETRON,-,Injection,100,100,5
Eskayef,1471,ZOFRA ODT 4MG TAB 30S,ONDANSETRON,4mg,Tablet,100,100,30
Eskayef,1472,ZOFRA ODT 8MG TAB 30S,ONDANSETRON,8mg,Tablet,100,100,30
Eskayef,1828,ZOFRA ODT 8MG TAB 42S,ONDANSETRON,8mg,Tablet,100,100,42
Eskayef,1611,ZOLOPT OPT SUS 5ML,BRINZOLAMIDE,5ml,Ophthalmic Solution,100,100,1
Eskayef,1724,ZYMARIN 0.5% 5ML OPT SOL,GATIFLOXACIN,0,Ophthalmic Solution,100,100,1
