Manufacturer Name,ITEMID,Medicine Name,Generic Name,Strength,Category Name,Manufacturer Price,Sale Price,Box Size,Leaf Settings,Unit
Eskayef,1530,ALADAY 5ML OPT SOL,OLOPATADINE,0,Ophthalmic Solution,1,1,1,1*1(10),ml
Eskayef,1524,ALADAY DS 5ML OPT SOL,OLOPATADINE,0,Ophthalmic Solution,1,1,1,,ml
Eskayef,1807,ALADAY MAX 5ML OPT SOL,OLOPATADINE,0.007,Ophthalmic Solution,1,1,1,,ml
Eskayef,1614,BINZOTIM OPT SUS 5ML,BRINZOLAMIDE + TIMOLOL,NULL,Ophthalmic Solution,1,1,1,,ml
Eskayef,1527,DEXTOR C 5ML OPT SOL,DEXAMETHASONE PHOSPHATE + CHLORAMPHENICOL,0,Ophthalmic Solution,1,1,1,,ml
Eskayef,1525,FRESHTEAR 10ML OPT SOL,POLYETHYLENE GLYCOL + PROPYLENE GLYCOL,0,Ophthalmic Solution,1,1,1,,ml
Eskayef,1630,FRESHTEAR P 10ML OPT SOL,POLYETHYLENE GLYCOL 0.4% + PROPYLENE GLYCOL 0.3% WITH PURITE,NULL,Ophthalmic Solution,1,1,1,,ml
Eskayef,1531,LEVOMAX 5ML OPT SOL,LEVOFLOXACIN,0,Ophthalmic Solution,1,1,1,,ml
Eskayef,1608,LEVOMAX TS 5ML OPT SOL,LEVOFLOXACIN 1.5%,NULL,Ophthalmic Solution,1,1,1,,ml
Eskayef,1596,LOTREL T OPT SUS 5ML,LOTEPRDNOL ETABONATE .5% & TOBRAMYCIN 0.3%,NULL,Ophthalmic Solution,1,1,1,,ml
Eskayef,1537,ROMFEN 5ML OPT SOL,BROMFENAC,0,Ophthalmic Solution,1,1,1,,ml
Eskayef,1668,ROMFEN S 5ML OPT SOL,BROMFENAC,0.0007,Ophthalmic Solution,1,1,1,,ml
Eskayef,1526,VISOMOX 5ML OPT SOL,MOXIFLOXACIN,0,Ophthalmic Solution,1,1,1,,ml
Eskayef,1760,VISOVIT CAP 30S,ASCORBIC ACID+VITAMIN E+ZINC OXIDE+COPPER+LUTEIN,60mg+30 I.U.+15mg+2m,Capsule,1,1,30,,pcs
Eskayef,1724,ZYMARIN 0.5% 5ML OPT SOL,GATIFLOXACIN,0.005,Ophthalmic Solution,1,1,1,,ml
Eskayef,1195,AMBOTEN PD DROP 15ML,AMBROXOL HYDROCHLORIDE,0,Paediatric Drop,1,1,1,,ml
Eskayef,1194,AMBOTEN SYP 100ML,AMBROXOL HYDROCHLORIDE,0,Syrup,1,1,1,,ml
Eskayef,1107,AROCEF 500MG CAP 24S,CEFADROXIL MONOHYDRATE,0,Capsule,1,1,24,,pcs
Eskayef,1108,AROCEF SUS 100ML,CEFADROXIL MONOHYDRATE,0,Dry Suspension,1,1,1,,pcs
Eskayef,1841,AROTIDE 100 INHALATION CAPSULE,SALMETEROL 50MCG & FLUTICASONE PROPIONATE 100MCG,,Capsule,1,1,30,,pcs
Eskayef,1842,AROTIDE 250 INHALATION CAPSULE,SALMETEROL 50MCG & FLUTICASONE PROPIONATE 100MCG,Salmeterol 50mcg + F,Capsule,1,1,30,,pcs
Eskayef,1732,AROTIDE 250 INHALER 1S,SALMETEROL & FLUTICASONE PROPIONATE,25mcg+250mcg,Inhaler,1,1,1,,pcs
Eskayef,1843,AROTIDE 500 INHALATION CAPSULE,SALMETEROL 50MCG & FLUTICASONE PROPIONATE 100MCG,Salmeterol 50mcg + F,Capsule,1,1,30,,pcs
Eskayef,1719,BRIZY 100ML SYRUP,LEVOSALBUTAMOL,100ml,Syrup,1,1,1,,ml
Eskayef,1296,BRIZY 1MG TAB 50S,LEVOSALBUTAMOL SULFATE,0,Tablet,1,1,50,,pcs
Eskayef,1297,BRIZY 2MG TAB 50S,LEVOSALBUTAMOL SULFATE,0,Tablet,1,1,50,,pcs
Eskayef,1306,BRIZY SYRUP 60ML,LEVOSALBUTAMOL SULFATE,0,Syrup,1,1,1,,ml
Eskayef,1520,CARBOLIN DS 100ML SUS,CARBOCISTEINE,0,Dry Suspension,1,1,1,,pcs
Eskayef,1625,CEFATEN 400MG CAP 8S,CEFTIBUTEN DIHYDRATE,NULL,Capsule,1,1,8,,pcs
Eskayef,1104,CEFLON DS 100ML,CEFACLOR MONOHYDRATE,0,Dry Suspension,1,1,1,,pcs
Eskayef,1122,CEFLON PD 15 ML,CEFACLOR MONOHYDRATE,0,Paediatric Drop,1,1,1,,ml
Eskayef,1804,CEFOJECT 1GM IV INJ 1S,CEFOPERAZONE,1gm,Injection,1,1,1,,ml
Eskayef,1826,CILANEM IV INJ,(IMIPENEM 500MG+CILASTATIN 50MG)/VIAL,Imipenem 500mg+Cilas,Injection,1,1,1,,ml
Eskayef,1692,DEXPOFEN 100ML SYP,DEXTROMETHORPHAN HYDROMIDE,Dextromethorphan hyd,Syrup,1,1,1,,ml
Eskayef,1717,DEXPOTEN PLUS 100ML SYRUP,DEXTROMETHORPHAN+PHENYLEPHRINE+TRIPROLIDINE,Dextromethorphan 20m,Syrup,1,1,1,,ml
Eskayef,1460,DEXTOR TAB 0.5MG,DEXAMETHASONE,0,Tablet,1,1,200,,pcs
Eskayef,1155,DILATOR ORAL SOL 60ML,BAMBUTEROL HYDROCHLORIDE,0,Oral Solution,1,1,1,,ml
Eskayef,1123,DILATOR TAB 10MG 100S,BAMBUTEROL HYDROCHLORIDE,0,Tablet,1,1,100,,pcs
Eskayef,1146,DILATOR TAB 20MG 100S,BAMBUTEROL HYDROCHLORIDE,0,Tablet,1,1,100,,pcs
Eskayef,1504,DORIPEN 500 MG IV INJ 1S,DORIPENEM,0,Injection,1,1,1,,ml
Eskayef,1299,HANDIRUB 200ML SOL,CHLORHEXIDINE GLUCONATE AND ISOPROPYL ALCOHOL,0,Solution,1,1,1,,ml
Eskayef,1300,HANDIRUB 50ML SOL,CHLORHEXIDINE GLUCONATE AND ISOPROPYL ALCOHOL,0,Solution,1,1,1,,ml
Eskayef,1819,HANDISAFE ANTISEPTIC SOLUTION 200ML,ETHANOL (96%),80% v/v,Solution,1,1,1,,ml
Eskayef,1808,HANDISANITIZER 200ML SOLUTION,ISOPROPYL ALCOHOL,75% v/v,Solution,1,1,1,,ml
Eskayef,1256,HUNNY SYP 100ML,LIQUID SUCROSE + GLYCEROL,0,Solution,1,1,1,,ml
Eskayef,1652,KEFUCLAV 250MG TAB 16S,CEFUROXIME+CLAVULANIC ACID,16,Tablet,1,1,16,,pcs
Eskayef,1653,KEFUCLAV 500MG TAB 8S,CEFUROXIME+CLAVULANIC ACID,8,Tablet,1,1,8,,pcs
Eskayef,1678,KEFUCLAV 70ML SUSPENSION  PFS,CEFUROXIME AXETIL USP & DILUTED POTASSIUM CLAVULANATE BP,NULL,Suspension,1,1,1,,pcs
Eskayef,1392,KILMAX 1.5GM IV INJ,CEFUROXIME,0,Injection,1,1,1,,ml
Eskayef,1375,KILMAX 125MG TAB 14S,CEFUROXIME AXETIL,0,Tablet,1,1,14,,pcs
Eskayef,1580,KILMAX 250MG TAB 16S,CEFUROXIME AXETIL,NULL,Tablet,1,1,16,,pcs
Eskayef,1581,KILMAX 500MG TAB 8S,CEFUROXIME AXETIL,NULL,Tablet,1,1,8,,pcs
Eskayef,1367,KILMAX 70ML PFS,CEFUROXIME AXETIL,0,Suspension,1,1,1,,pcs
Eskayef,1366,KILMAX 750MG IV IM INJ,CEFUROXIME,750mg,Injection,1,1,1,,ml
Eskayef,1818,LUMONA 10MG FC TAB 42S,MONTELUKAST,10mg,Tablet,1,1,42,,pcs
Eskayef,1502,LUMONA 10MG TAB 30S,MONTELUKAST SODIUM,0,Tablet,1,1,30,,pcs
Eskayef,1622,LUMONA 4 FT FLASH TAB 30S,MONTELUKAST SODIUM,NULL,Tablet,1,1,30,,pcs
Eskayef,1448,LUMONA 4MG SACHET 30S,MONTELUKAST SODIUM,0,Suspension,1,1,30,,pcs
Eskayef,1623,LUMONA 5 FT FLASH TAB 30S,MONTELUKAST SODIUM,NULL,Tablet,1,1,30,,pcs
Eskayef,1480,MEROJECT 1GM IV INJ 1S,MEROPENEM,0,Injection,1,1,1,,ml
Eskayef,1479,MEROJECT 500MG IV INJ 1S,MEROPENEM,0,Injection,1,1,1,,ml
Eskayef,1618,MIRATEN 100ML SYP,BUTAMIRATE CITRATE INN,NULL,Syrup,1,1,1,,ml
Eskayef,1671,MIRATEN 15ML PD DROPS,BUTAMIRATE CITRATE INN,NULL,Syrup,1,1,1,,ml
Eskayef,1583,MUCOTEN 100ML SYP,BROMHEXINE,NULL,Syrup,1,1,1,,ml
Eskayef,1793,NYCOF 100ML SYRUP,GUAIFENESIN+DIPHENHYDRAMINE HYDROCHLORIDE+LEVOMENTHOL,(Guaifenesin 2gm+Dip,Syrup,1,1,1,,ml
Eskayef,1792,NYCOF D 100ML SYRUP,DEXTROMETHORPHAN HYDROBROMIDE+DIPHENHYDRAMINE HYDROCHLORIDE+LEVOMENTHOL,Dextromethorphan 0.1,Syrup,1,1,1,,ml
Eskayef,1616,POVIDON 100ML SOL,POVIDONE IODINE,NULL,Solution,1,1,1,,ml
Eskayef,1688,POVIDON 1LITER SOLUTION,POVIDONE IODINE,0.1,Solution,1,1,1,,ml
Eskayef,1681,POVIDON 20GM OINTMENT,POVIDONE IODINE,NULL,Ointment,1,1,1,,pcs
Eskayef,1658,POVIDON 30 ML SOL,POVIDONE IODINE,NULL,Solution,1,1,1,,ml
Eskayef,1462,PRED 10MG TAB 100S,PREDNISOLONE,0,Tablet,1,1,100,,pcs
Eskayef,1463,PRED 20MG TAB 50S,PREDNISOLONE,0,Tablet,1,1,50,,pcs
Eskayef,1461,PRED 5MG TAB 200S,PREDNISOLONE,0,Tablet,1,1,200,,pcs
Eskayef,1800,RASHCURE 5% 50GM OINTMENT,DEXPANTHENOL,0.05,Ointment,1,1,1,,pcs
Eskayef,1493,ROXIM 200MG CAP 16S,CEFIXIM,0,Capsule,1,1,16,,pcs
Eskayef,1759,ROXIM 400MG CAP 10S,CEFIXIME,400mg,Capsule,1,1,10,,pcs
Eskayef,1131,ROXIM 50ML SUS,CEFIXIM,0,Suspension,1,1,1,,pcs
Eskayef,1455,ROXIM 75ML DRY SUS L,CEFIXIM,NULL,Suspension,1,1,1,,pcs
Eskayef,1592,ROXIM PD DROPS,CEFIXIME,NULL,Paediatric Drop,1,1,1,,ml
Eskayef,1453,ROXIM PFS 30ML,CEFIXIM,0,Suspension,1,1,1,,pcs
Eskayef,1454,ROXIM XL PFS 60ML,CEFIXIM,0,Suspension,1,1,1,,pcs
Eskayef,1731,SALOMAX INHALER,SALBUTAMOL,100mcg,Inhaler,1,1,1,,pcs
Eskayef,1026,SK CEF 250MG CAP 48S,CEPHRADINE MONOHYDRATE,0,Capsule,1,1,48,,pcs
Eskayef,1447,SK CEF 500MG CAP 30S,CEPHRADINE MONOHYDRATE,0,Capsule,1,1,30,,pcs
Eskayef,1157,SK CEF DRY SUS 100ML,CEPHRADINE MONOHYDRATE,0,Dry Suspension,1,1,1,,pcs
Eskayef,1156,SK CEF DRY SUS 60ML,CEPHRADINE MONOHYDRATE,0,Dry Suspension,1,1,1,,pcs
Eskayef,1206,SK CEF IM IV INJ 1GM 1S,CEPHRADINE MONOHYDRATE,0,Injection,1,1,1,,ml
Eskayef,1169,SK CEF IM IV INJ 500MG 1S,CEPHRADINE MONOHYDRATE,0,Injection,1,1,1,,ml
Eskayef,1048,SK CEF PD DROP,CEPHRADINE MONOHYDRATE,0,Paediatric Drop,1,1,1,,ml
Eskayef,1028,SK CEF SUS 100ML,CEPHRADINE MONOHYDRATE,0,Dry Suspension,1,1,1,,pcs
Eskayef,1149,STARIN 50ML SUS,CEFPODOXIME PROXETIL,0,Dry Suspension,1,1,1,,pcs
Eskayef,1211,STARIN PD 15ML,CEFPODOXIME PROXETIL,0,Paediatric Drop,1,1,1,,ml
Eskayef,1514,TAMEN 100ML IV INFUSION,PARACETAMOL,0,Infusion,1,1,1,,Infusion
Eskayef,1430,TAMEN 500MG TAB 200S,PARACETAMOL,0,Tablet,1,1,200,,pcs
Eskayef,1470,TAMEN SYP 100ML,PARACETAMOL,0,Syrup,1,1,1,,ml
Eskayef,1451,TAMEN SYP 60ML,PARACETAMOL,0,Syrup,1,1,1,,ml
Eskayef,1735,TAMEN TURBO TAB 120S,PARACETAMOL + CAFFEINE,Paracetamol 500mg +,Tablet,1,1,120,,pcs
Eskayef,1566,TAMEN XR 665MG TAB 100S,PARACETAMOL,NULL,Tablet,1,1,100,,pcs
Eskayef,1491,TAZIMAX 1GM IM IV INJ 1S,CEFTAZIDIME,0,Injection,1,1,1,,ml
Eskayef,1492,TAZIMAX 250MG IM IV INJ 1S,CEFTAZIDIME,0,Injection,1,1,1,,ml
Eskayef,1399,TRIJECT 500MG IM ING 1S,CEFTRIAXONE,0,Injection,1,1,1,,ml
Eskayef,1419,TRIJECT 500MG IV INJ 1S,CEFTRIAXONE,0,Injection,1,1,1,,ml
Eskayef,1401,TRIJECT IM INJ 1GM 1S,CEFTRIAXONE,0,Injection,1,1,1,,ml
Eskayef,1403,TRIJECT IM INJ 250MG 1S,CEFTRIAXONE,0,Injection,1,1,1,,ml
Eskayef,1391,TRIJECT IV INJ 1GM 1S,CEFTRIAXONE,0,Injection,1,1,1,,ml
Eskayef,1390,TRIJECT IV INJ 2GM 1S,CEFTRIAXONE,0,Injection,1,1,1,,ml
Eskayef,1560,TRIOCLAV 200MG TAB 7S,ACECLOFENAC,7,Tablet,1,1,7,,pcs
Eskayef,1844,TURBOHALER,DRY POWDER INHALATION DEVICE,N/A,Inhaler,1,1,1,,pcs
Eskayef,1734,TUSCOF 100ML SYP,GUAIFENESIN+DEXTROMETHORPHAN HYDROBROMIDE+LEVOMENTHOL,Guaifenesin 200mg +D,Syrup,1,1,1,,ml
Eskayef,1679,VENTOFIL 200MG TAB 30S,DOXOPHYLLINE,200mg,Tablet,1,1,30,,pcs
Eskayef,1680,VENTOFIL 400MG TAB 30S,DOXOPHYLLINE,400mg,Tablet,1,1,30,,pcs
Eskayef,1706,AUGMENT 1.2G IV INJ 1S,AMOXICILLIN & CLAVULANIC ACID,Amoxicillin 1g + Cla,Injection,1,1,1,,ml
Eskayef,1696,AUGMENT 100ML PFS,AMOXICILLIN & CLAVULANIC ACID,125mg/5ml + 31.25mg/,Dry Suspension,1,1,1,,pcs
Eskayef,1695,AUGMENT 1GM TAB 12S,AMOXICILLIN & CLAVULANIC ACID,875mg + 125mg,Tablet,1,1,12,,pcs
Eskayef,1693,AUGMENT 375 TAB 18S,AMOXICILLIN & CLAVULANIC ACID,250mg + 125mg,Tablet,1,1,18,,pcs
Eskayef,1694,AUGMENT 625 TAB 18S,AMOXICILLIN & CLAVULANIC ACID,500mg + 125mg,Tablet,1,1,18,,pcs
Eskayef,1373,BONFLEX TAB 40S,GLUCOSAMINE 250 MG AND CHONDROITIN SULFATE SODIUM 200 MG,0,Tablet,1,1,40,,pcs
Eskayef,1855,CARIDOL 250MG TAB 30S,CARISOPRODOL,250mg,Tablet,1,1,30,,pcs
Eskayef,1823,CLIX 500MG TAB 6S,CLARITHROMYCIN,500mg,Tablet,1,1,6,,pcs
Eskayef,1632,ETORIX 120MG TAB 30S,ETORICOXIB,NULL,Tablet,1,1,30,,pcs
Eskayef,1633,ETORIX 60MG TAB 50S,ETORICOXIB,NULL,Tablet,1,1,50,,pcs
Eskayef,1634,ETORIX 90MG TAB 40S,ETORICOXIB,NULL,Tablet,1,1,40,,pcs
Eskayef,1368,FENOBAC 10MG TAB 30S,BACLOFEN,0,Tablet,1,1,30,,pcs
Eskayef,1389,FENOBAC 5MG TAB 50S,BACLOFEN,0,Tablet,1,1,50,,pcs
Eskayef,1576,FLUCLOXIN 500MG CAP 40S,FLUCLOXACILLIN,NULL,Capsule,1,1,40,,pcs
Eskayef,1718,FLUCLOXIN 500MG IM IV INJ,FLUCLOXACILLIN SODIUM 500MG IM/IV INJECTION,500mg,Injection,1,1,1,,ml
Eskayef,1008,FLUCLOXIN CAP 250MG 100S,FLUCLOXACILLIN,0,Capsule,1,1,100,,pcs
Eskayef,1009,FLUCLOXIN SUS 100ML,FLUCLOXACILLIN,0,Dry Suspension,1,1,1,,pcs
Eskayef,1484,KETONIC 10MG TAB 30S,KETOROLAC TROMETHAMINE,0,Tablet,1,1,30,,pcs
Eskayef,1405,KETONIC 30 IM IV INJ 1S,KETOROLAC TROMETHAMINE,0,Injection,1,1,1,,ml
Eskayef,1402,KETONIC 60 IM IV INJ 1S,KETOROLAC TROMETHAMINE,0,Injection,1,1,1,,ml
Eskayef,1411,LEVOMAX 500MG TAB 20S,LEVOFLOXACIN,0,Tablet,1,1,20,,pcs
Eskayef,1413,LEVOMAX 750MG TAB 10S,LEVOFLOXACIN,0,Tablet,1,1,10,,pcs
Eskayef,1431,LINDAMAX 150MG CAP 30S,CLINDAMYCIN HYDROCHLORIDE,0,Capsule,1,1,30,,pcs
Eskayef,1512,LINDAMAX 25ML LOTION,CLINDAMYCIN HYDROCHLORIDE,0,Lotion,1,1,1,,ml
Eskayef,1432,LINDAMAX 300MG CAP 30S,CLINDAMYCIN HYDROCHLORIDE,0,Capsule,1,1,30,,pcs
Eskayef,1545,LINDAMAX PLUS 10GM GEL,CLINDAMYCIN HYDROCHLORIDE,0,Gel,1,1,1,,pcs
Eskayef,1789,NABUMET 500MG FC TAB 30S,NABUMETONE,500 mg,Tablet,1,1,30,,pcs
Eskayef,1790,NABUMET 750MG FC TAB 24S,NABUMETONE,750mg,Tablet,1,1,24,,pcs
Eskayef,1260,NAPROX 15GM GEL,NAPROXEN,0,Gel,1,1,1,,pcs
Eskayef,1073,NAPROX 500MG TAB 50S,NAPROXEN,0,Tablet,1,1,50,,pcs
Eskayef,1509,NAPROX PLUS 375MG TAB 30S,NAPROXEN + ESOMEPRAZOLE,0,Tablet,1,1,30,,pcs
Eskayef,1838,NAPROX PLUS 500MG TAB 40S,NAPROXEN + ESOMEPRAZOLE,Naproxen 500mg + Eso,Tablet,1,1,40,,pcs
Eskayef,1241,NAPROX SUS 50ML,NAPROXEN,0,Suspension,1,1,1,,pcs
Eskayef,1014,NAPROX TAB 250MG 50S,NAPROXEN,0,Tablet,1,1,50,,pcs
Eskayef,1756,OSTICARE FC TAB CONTAINER 30S,DIACEREIN + GLUCOSAMINE,50mg + 750mg,Tablet,1,1,30,,pcs
Eskayef,1644,OSTICARE TAB 30S,DIACEREIN 50MG + GLUCOSAMINE SULFATE 750MG,NULL,Tablet,1,1,30,,pcs
Eskayef,1412,PAINO 100MG TAB 100S,ACECLOFENAC,0,Tablet,1,1,100,,pcs
Eskayef,1824,PARIX 40MG LYOPHILIZED POWDER FOR IV IM INJ 1S,PARECOXIB,40MG,Injection,1,1,1,,ml
Eskayef,1536,QUINOX 100ML IV INFUSION,CIPROFLOXACIN,0,Infusion,1,1,1,,Infusion
Eskayef,1388,QUINOX 500 TAB 20S,CIPROFLOXACIN,0,Tablet,1,1,20,,pcs
Eskayef,1231,QUINOX 500 TABLET 40S,CIPROFLOXACIN,0,Tablet,1,1,40,,pcs
Eskayef,1097,QUINOX 750MG TAB 10S,CIPROFLOXACIN,0,Tablet,1,1,10,,pcs
Eskayef,1328,QUINOX DS 60ML PELLETS FOR SUS,CIPROFLOXACIN HCL MONOHYDRATE,0,Suspension,1,1,1,,pcs
Eskayef,1020,QUINOX TAB 250MG 30S,CIPROFLOXACIN,0,Tablet,1,1,30,,pcs
Eskayef,1024,SK MOX 250 MG CAP 100S,AMOXICILLIN,0,Capsule,1,1,100,,pcs
Eskayef,1787,SK MOX 500MG CAP 50S,AMOXICILLIN,500mg,Capsule,1,1,50,,pcs
Eskayef,1144,SK MOX DS DRY SUS 100ML,AMOXICILLIN,0,Dry Suspension,1,1,1,,pcs
Eskayef,1047,SK MOX PD DROP,AMOXICILLIN,0,Paediatric Drop,1,1,1,,ml
Eskayef,1025,SK MOX SUS 100ML,AMOXICILLIN,0,Dry Suspension,1,1,1,,pcs
Eskayef,1277,SULIDAC 100MG TAB 50S,SULINDAC,NULL,Tablet,1,1,50,,pcs
Eskayef,1575,SULIDAC 200 TAB 20S,SULINDAC,NULL,Tablet,1,1,20,,pcs
Eskayef,1654,TENOXIM 20MG TAB 30S,TENOXICAM,NULL,Tablet,1,1,30,,pcs
Eskayef,1309,TIMOTHY INJ 1GM IM IV 5S,TIEMONIUM  METHYLSULFATE,0,Injection,1,1,5,,ml
Eskayef,1298,TIMOTHY TAB 50S,TIEMONIUM  METHYLSULFATE,0,Tablet,1,1,50,,pcs
Eskayef,1746,TOJAK 5MG TAB 10S,TOFACITINIB CITRATE,5mg,Tablet,1,1,10,,pcs
Eskayef,1371,TOPERIN TAB 50MG 60S,TOLPERISONE HYDROCHLORIDE,0,Tablet,1,1,60,,pcs
Eskayef,1629,VISOMOX 400MG FC TAB 10S,MOXIFLOXACIN,NULL,Tablet,1,1,10,,pcs
Eskayef,1346,VOLMAX SR 100MG CAP 60S,DICLOFENAC SODIUM,0,Capsule,1,1,60,,pcs
Eskayef,1854,VOLTAGEL 10GM GEL 10S,DICLOFENAC SODIUM,10gm,Gel,1,1,10,,pcs
Eskayef,1853,VOLTAGEL 50GM GEL 1S,DICLOFENAC SODIUM,50gm,Gel,1,1,1,,pcs
Eskayef,1268,XENTHOL 30 CREAM 15G,METHYL SALICYLATE+MENTHOL,0,Cream,1,1,1,,ml
Eskayef,1424,ZITHROX 20ML POWDER FOR SUSPENSION,AZITHROMYCIN,0,Dry Suspension,1,1,1,,pcs
Eskayef,1606,ZITHROX 250MG TAB 12S,AZITHROMYCIN,NULL,Tablet,1,1,12,,pcs
Eskayef,1427,ZITHROX 500MG TAB 12S,AZITHROMYCIN,0,Tablet,1,1,12,,pcs
Eskayef,1426,ZITHROX 50ML POWDER FOR SUSPENSION,AZITHROMYCIN,0,Dry Suspension,1,1,1,,pcs
Eskayef,1425,ZITHROX DRY SUS 35ML,AZITHROMYCIN,0,Dry Suspension,1,1,1,,pcs
Eskayef,1839,BILTIN 10MG ORALLY DISPERSIBLE TAB 30S,BILASTINE,10mg,Tablet,1,1,30,,pcs
Eskayef,1827,BILTIN 20MG TAB 30S,BILASTINE,20mg,Tablet,1,1,30,,pcs
Eskayef,1794,BREXI 0.5MG FC TAB 30S,BREXPIPRAZOLE,0.5mg,Tablet,1,1,30,,pcs
Eskayef,1795,BREXI 1MG FC TAB 30S,BREXPIPRAZOLE,1mg,Tablet,1,1,30,,pcs
Eskayef,1088,CARBAZIN 200MG TAB 50S,CARBAMAZEPINE,0,Tablet,1,1,50,,pcs
Eskayef,1344,CLORON 0.5MG TAB 100S,CLONAZEPAM,0,Tablet,1,1,100,,pcs
Eskayef,1554,CLORON 1MG TAB 50S,CLONAZEPAM,0,Tablet,1,1,50,,pcs
Eskayef,1342,CLORON 2MG TAB 50S,CLONAZEPAM,0,Tablet,1,1,50,,pcs
Eskayef,1142,DESODIN TAB 50S,DESLORATADINE,0,Tablet,1,1,50,,pcs
Eskayef,1773,DINAFEX 120MG FC TAB 40S,FEXOFENADINE HYDROCHLORIDE,120mg,Tablet,1,1,40,,pcs
Eskayef,1766,DINAFEX 180MG FC TAB 40S,FEXOFENADINE HYDROCHLORIDE,180mg,Tablet,1,1,40,,pcs
Eskayef,1440,DINAFEX 50ML SUS,FEXOFENADINE HYDROCHLORIDE,0,Suspension,1,1,1,,pcs
Eskayef,1786,DINAFEX 60MG FC TAB 40S,FEXOFENADINE,60mg,Tablet,1,1,40,,pcs
Eskayef,1247,DORENTA SYp 100ML,DIPHENHYDRAMINE HYDROCHLORIDE,0,Syrup,1,1,1,,ml
Eskayef,1665,HAPYTAB ER TAB 30S,DESVENLAFAXINE,NULL,Tablet,1,1,30,,pcs
Eskayef,1849,LEVETAM 250MG TAB 30S,LEVETIRACETAM,250mg,Tablet,1,1,30,,pcs
Eskayef,1851,LEVETAM 500MG TAB 20S,LEVETIRACETAM,500mg,Tablet,1,1,20,,pcs
Eskayef,1850,LEVETAM XR 500MG TAB 20S,LEVETIRACETAM,500mg,Tablet,1,1,20,,pcs
Eskayef,1283,LOSITA 10MG TAB 20S,ESCITALOPRAM OXALATE,0,Tablet,1,1,20,,pcs
Eskayef,1336,LOSITA 5MG TAB 40S,ESCITALOPRAM OXALATE,0,Tablet,1,1,40,,pcs
Eskayef,1012,MEBIDAL TAB 200S,MEBHYDROLINE,0,Tablet,1,1,200,,pcs
Eskayef,1422,MILAM 15MG IV IM INJ 1S,MIDAZOLAM HCL,0,Injection,1,1,1,,ml
Eskayef,1519,MILAM 15MG TAB 20S,MIDAZOLAM  MALEATE,0,Tablet,1,1,20,,pcs
Eskayef,1508,MILAM 7.5MG TAB 40S,MIDAZOLAM  MALEATE,0,Tablet,1,1,40,,pcs
Eskayef,1337,NORIUM 10MG TAB 60S,FLUNARIZINE HYDROCHLORIDE,0,Tablet,1,1,60,,pcs
Eskayef,1170,NORIUM 5MG TAB 100S,FLUNARIZINE HYDROCHLORIDE,0,Tablet,1,1,100,,pcs
Eskayef,1119,ONTIN SYP 60ML,CETIRIZINE HCL,0,Syrup,1,1,1,,ml
Eskayef,1118,ONTIN TAB 100S,CETIRIZINE HCL,0,Tablet,1,1,100,,pcs
Eskayef,1067,ORADIN 10MG TAB 100S,LORATADINE,0,Tablet,1,1,100,,pcs
Eskayef,1082,ORADIN 60ML SUS,LORATADINE,0,Suspension,1,1,1,,pcs
Eskayef,1294,ORADIN FT TAB 40S,LORATADINE,0,Tablet,1,1,40,,pcs
Eskayef,1813,PG 25MG CAP 30S,PREGABALIN,25mg,Capsule,1,1,30,,pcs
Eskayef,1507,PG 50MG CAP 30S,PREGABALIN,0,Capsule,1,1,30,,pcs
Eskayef,1481,PG 75MG CAP 30S,PREGABALIN,0,Capsule,1,1,30,,pcs
Eskayef,1802,RAGIL 0.5MG FC TAB 30S,RASAGILINE,0.5mg,Tablet,1,1,30,,pcs
Eskayef,1803,RAGIL 1MG FC TAB 30S,RASAGILINE,1mg,Tablet,1,1,30,,pcs
Eskayef,1805,REELIFE FC TABLET 56S,AMITRIPTYLINE 12.5MG + CHLORDIAZEPOXIDE 5MG,Amitriptyline 12.5mg,Tablet,1,1,56,,pcs
Eskayef,1798,REJOY 15MG FC TAB 30S,MIRTAZAPINE,15mg,Tablet,1,1,30,,pcs
Eskayef,1799,REJOY 30MG FC TAB 30S,MIRTAZAPINE,30mg,Tablet,1,1,30,,pcs
Eskayef,1797,REJOY 7.5MG FC TAB 30S,MIRTAZAPINE,7.5mg,Tablet,1,1,30,,pcs
Eskayef,1176,RESTOL 3MG TAB 30S,BROMAZEPAM,0,Tablet,1,1,30,,pcs
Eskayef,1589,RUPADAY 10MG TAB 30S,RUPATADINE,NULL,Tablet,1,1,30,,pcs
Eskayef,1154,SENSIT TAB 50S,FLUPENTIXOL HYDROCHLORIDE AND MELITRACEN HYDROCHLORIDE,0,Tablet,1,1,50,,pcs
Eskayef,1222,SENTIX 0.5MG TAB 50S,FLUPENTIXOL HYDROCHLORIDE,0,Tablet,1,1,50,,pcs
Eskayef,1223,SENTIX 1MG TAB 30S,FLUPENTIXOL HYDROCHLORIDE,0,Tablet,1,1,30,,pcs
Eskayef,1505,STIBA 10MG TAB 30S,EBASTINE,0,Tablet,1,1,30,,pcs
Eskayef,1548,STIBA 30ML SYP,EBASTINE,0,Syrup,1,1,1,,ml
Eskayef,1750,SUVO 10MG TAB 10S,SUVOREXANT,10mg,Tablet,1,1,10,,pcs
Eskayef,1034,TELAZINE 1MG TAB 100S,TRIFLUOPERAZINE,0,Tablet,1,1,100,,pcs
Eskayef,1035,TELAZINE 5MG TAB 100S,TRIFLUOPERAZINE,0,Tablet,1,1,100,,pcs
Eskayef,1232,TOTI SYP 100ML,KETOTIFEN FUMARATE,0,Syrup,1,1,1,,ml
Eskayef,1233,TOTI TAB 100S,KETOTIFEN FUMARATE,0,Tablet,1,1,100,,pcs
Eskayef,1749,TUFNIL 200MG TAB 50S,TOLFENAMIC ACID,200mg,Tablet,1,1,50,,pcs
Eskayef,1147,VINCET TAB 50S,VINPOCETINE,0,Tablet,1,1,50,,pcs
Eskayef,1532,ZEROMIG 0.5MG TAB 50S,PIZOTIFEN,0,Tablet,1,1,50,,pcs
Eskayef,1856,AGLIP 12.5MG FC TAB 20S,ALOGLIPTIN,12.5mg,Tablet,1,1,20,,pcs
Eskayef,1857,AGLIP 25MG FC TAB 20S,ALOGLIPTIN,25mg,Tablet,1,1,20,,pcs
Eskayef,1785,ALDORIN 50MG TAB 30S,EPALRESTAT,50mg,Tablet,1,1,30,,pcs
Eskayef,1847,AMLEVO 2.5MG TAB 30S,S-AMLODIPINE,2.5mg,Tablet,1,1,30,,pcs
Eskayef,1060,ANAPRIL 10MG TAB 100S,ENALAPRIL,0,Tablet,1,1,100,,pcs
Eskayef,1059,ANAPRIL 5MG TAB 100S,ENALAPRIL,0,Tablet,1,1,100,,pcs
Eskayef,1602,CARDIMET 35MG MR TAB,TRIMETAZIDINE,NULL,Tablet,1,1,30,,pcs
Eskayef,1810,CARDOBIS 2.5mg FC TAB 50S,BISOPROLOL FUMARATE,2.5mg,Tablet,1,1,50,,pcs
Eskayef,1569,CARDOBIS 5 FC TAB 30S,BISOPROLOL FUMARATE,30,Tablet,1,1,30,,pcs
Eskayef,1767,CARDOBIS M 2.5 5 FC TAB 30S,BISOPROLOL & AMLODIPINE,Bisoprolol 2.5mg & A,Tablet,1,1,30,,pcs
Eskayef,1586,CARDOBIS PLUS 2.56.25MG TAB 30S,BISOPROLOL FUMARATE 2.5MG+HYDROCHLOROTHIAZIDE 6.25MG,NULL,Tablet,1,1,30,,pcs
Eskayef,1587,CARDOBIS PLUS 56.25MG TAB 30S,BISOPROLOL FUMARATE 5MG+HYDROCHLOROTHIAZIDE 6.25MG,NULL,Tablet,1,1,30,,pcs
Eskayef,1102,CARDON 25MG TAB 30S,LOSARTAN POTASSIUM,0,Tablet,1,1,30,,pcs
Eskayef,1354,CARDON 50MG TAB 40S,LOSARTAN POTASSIUM,0,Tablet,1,1,40,,pcs
Eskayef,1687,CARDOPLUS 50MG TAB 40S,LOSARTAN & HYDROCHLOROTHIAZIDE,50mg + 12.5mg,Tablet,1,1,40,,pcs
Eskayef,1506,CRESTON 10MG TAB 20S,ROSUVASTATIN,0,Tablet,1,1,20,,pcs
Eskayef,1833,CRESTON 20MG TAB 10S,ROSUVASTATIN,,Tablet,1,1,10,,pcs
Eskayef,1553,CRESTON 5MG TAB 30S,ROSUVASTATIN,0,Tablet,1,1,30,,pcs
Eskayef,1005,DEZIDE TAB 100S,THIAZIDE+TRIAMTERENE,0,Tablet,1,1,100,,pcs
Eskayef,1138,DIALON 1MG TAB 50S,GLIMEPIRIDE USP,0,Tablet,1,1,50,,pcs
Eskayef,1139,DIALON 2MG TAB 30S,GLIMEPIRIDE USP,0,Tablet,1,1,30,,pcs
Eskayef,1651,DIALON 3MG TAB 20S,GLIMEPIRIDE USP,NULL,Tablet,1,1,20,,pcs
Eskayef,1290,DIETIL CAP 10S,ORLISTAT,0,Capsule,1,1,10,,pcs
Eskayef,1697,EDENIL 20MG TAB 50S,FUROSEMIDE & SPIRONOLACTONE,Spironolactone 50mg,Tablet,1,1,50,,pcs
Eskayef,1263,EDENIL 40MG TAB 30S,FUROSEMIDE & SPIRONOLACTONE,0,Tablet,1,1,30,,pcs
Eskayef,1821,EDENIL 40MG TAB 50S,FUROSEMIDE 40MG + SPIRONOLACTONE 50MG,Furosemide 40mg + Sp,Tablet,1,1,50,,pcs
Eskayef,1768,EMAZID 10MG FC TAB 20S,EMPAGLIFLOZIN,10mg,Tablet,1,1,20,,pcs
Eskayef,1769,EMAZID 25MG FC TAB 10S,EMPAGLIFLOZIN,,Tablet,1,1,10,,pcs
Eskayef,1814,EMAZID M FC TAB 20S,METFORMIN 500MG + EMPAGLIFLOZIN 5MG,Metformin 500mg & Em,Tablet,1,1,20,,pcs
Eskayef,1594,GLIKAZID 30 MR TAB 30S,GLICLAZIDE,NULL,Tablet,1,1,30,,pcs
Eskayef,1573,GLIKAZID 60MG MR TAB 20S,GLICLAZIDE,20,Tablet,1,1,20,,pcs
Eskayef,1684,GLIKAZID 80MG TAB 40S,GLICLAZIDE,80mg,Tablet,1,1,40,,pcs
Eskayef,1225,GLUNOR 500MG TAB 50S,METFORMIN HCL,0,Tablet,1,1,50,,pcs
Eskayef,1226,GLUNOR 850MG TAB 50S,METFORMIN HCL,0,Tablet,1,1,50,,pcs
Eskayef,1227,GLUNOR XR TAB 50S,METFORMIN HCL,0,Tablet,1,1,50,,pcs
Eskayef,1840,GTN SUBLINGUAL SPRAY 1S,NITROGLYCERIN,400mcg/Spray (200 Sp,Spray,1,1,1,,ml
Eskayef,1323,GTN TAB 50S,NITROGLYCERIN,0,Tablet,1,1,50,,pcs
Eskayef,1137,IRBES 150MG TAB 30S,IRBESARTAN,0,Tablet,1,1,30,,pcs
Eskayef,1136,IRBES 75MG TAB 50S,IRBESARTAN,0,Tablet,1,1,50,,pcs
Eskayef,1758,LIGAZID 5MG TAB 30S,LINAGLIPTIN,5mg,Tablet,1,1,30,,pcs
Eskayef,1657,LIGAZID M 2.5 1000 MG TAB 18S,LINAGLIPTIN+ METFORMIN,1000,Tablet,1,1,18,,pcs
Eskayef,1755,LIGAZID M 2.5 500MG TAB 30S,METFORMIN HCL+LINAGLIPTIN,2.5/500,Tablet,1,1,30,,pcs
Eskayef,1656,LIGAZID M 2.5 850 MG TAB 18S,LINAGLIPTIN+ METFORMIN,850,Tablet,1,1,18,,pcs
Eskayef,1666,LIPICON 10MG TAB 50S,ATORVASTATIN,NULL,Tablet,1,1,50,,pcs
Eskayef,1667,LIPICON 20MG TAB 30S,ATORVASTATIN,NULL,Tablet,1,1,30,,pcs
Eskayef,1704,NOCLOG 75MG TAB 40S,CLOPIDOGREL BISULFATE,75mg,Tablet,1,1,40,,pcs
Eskayef,1683,NOCLOG PLUS 75MG TAB 40S,CLOPIDOGREL+ASPIRIN,75mg + 75mg,Tablet,1,1,40,,pcs
Eskayef,1381,NOFICON CAP 200MG 40S,FENOFIBRATE,0,Capsule,1,1,40,,pcs
Eskayef,1638,OLMESTA 10MG TAB 30S,OLMESARTAN MEDOXOMIL,NULL,Tablet,1,1,30,,pcs
Eskayef,1639,OLMESTA 20MG TAB 30S,OLMESARTAN MEDOXOMIL,NULL,Tablet,1,1,30,,pcs
Eskayef,1640,OLMESTA 40MG TAB 20S,OLMESARTAN MEDOXOMIL,NULL,Tablet,1,1,20,,pcs
Eskayef,1836,OLMESTA M 5 40 FC TAB 28S,OLMESARTAN MEDOXOMIL 40MG + AMLODIPINE 5MG,Olmesartan Medoxomil,Tablet,1,1,28,,pcs
Eskayef,1673,OLMESTA M TAB 30S,OLMESARTAN MEDOXOMIL & AMLODIPINE BESILATE,NULL,Tablet,1,1,30,,pcs
Eskayef,1641,OLMESTA PLUS TAB 30S,OLMESARTAN MEDOXOMIL & HYDROCHLOROTHIAZIDE,NULL,Tablet,1,1,30,,pcs
Eskayef,1550,RIVAROX 10MG TAB 20S,RIVAROXABAN,0,Tablet,1,1,20,,pcs
Eskayef,1647,RIVAROX 15MG FC TAB 20S,RIVAROXABAN,NULL,Tablet,1,1,20,,pcs
Eskayef,1670,RIVAROX 2.5MG TAB 30S,RIVAROXABAN,NULL,Tablet,1,1,30,,pcs
Eskayef,1672,RIVAROX 20MG TAB 20S,RIVAROXABAN,20,Tablet,1,1,20,,pcs
Eskayef,1068,SIDOPIN 5MG TAB 50S,AMLODIPINE,0,Tablet,1,1,50,,pcs
Eskayef,1220,SIDOPLUS 25MG TAB 40S,AMLODIPINE + ATENOLOL,0,Tablet,1,1,40,,pcs
Eskayef,1682,SIDOPLUS 50MG TAB 50S,AMLODIPINE 5MG + ATENOLOL 50MG,50mg/5mg,Tablet,1,1,50,,pcs
Eskayef,1733,SITAZID M 50 1000 TAB 18S,SITAGLIPTIN 50MG + METFORMIN 1000MG,50/1000mg,Tablet,1,1,18,,pcs
Eskayef,1729,SITAZID M 50 500 TAB 20S,SITAGLIPTIN & METFORMIN,Sitagliptin 50mg + M,Tablet,1,1,20,,pcs
Eskayef,1358,TOPRESS 50MG TAB 100S,METOPROLOL TARTRATE,0,Tablet,1,1,100,,pcs
Eskayef,1601,VIGAMET 50500 TAB 20S,VILDAGLIPTIN + METFORMIN,NULL,Tablet,1,1,20,,pcs
Eskayef,1624,VIGAMET 50850 TAB 18S,VILDAGLIPTIN + METFORMIN,NULL,Tablet,1,1,18,,pcs
Eskayef,1547,VIGATIN 50MG TAB 20S,VILDAGLIPTIN,0,Tablet,1,1,20,,pcs
Eskayef,1513,VIRENTA 0.5MG TAB 10S,ENTECAVIR,0,Tablet,1,1,10,,pcs
Eskayef,1776,ALBEN DS 400MG TAB 50S,ALBENDAZOLE,400mg,Tablet,1,1,50,,pcs
Eskayef,1039,ALBEN DS TAB 100S,ALBENDAZOLE,0,Tablet,1,1,100,,pcs
Eskayef,1101,ALBEN SUS 200MG 10ML,ALBENDAZOLE,0,Suspension,1,1,1,,pcs
Eskayef,1064,CORTIDER 10GM CREAM TUBE,HYDROCORTISONE ACETATE,0,Cream,1,1,1,,ml
Eskayef,1846,DAPCLIN 5% GEL 30GM,DAPSONE,0.05,Gel,1,1,1,,pcs
Eskayef,1845,DAPCLIN 7.5% GEL 30GM,DAPSONE,0.075,Gel,1,1,1,,pcs
Eskayef,1322,EMEZIN PLUS TAB 50S,MECLIZINE HYDROCHLORIDE & PYRIDOXINE HCL,0,Tablet,1,1,50,,pcs
Eskayef,1817,ESORAL 20MG CAP 100S,ESOMEPRAZOLE,20mg,Capsule,1,1,100,,pcs
Eskayef,1852,ESORAL 20MG POWDER FOR SUSPENSION 30S,ESOMEPRAZOLE,20mg,Powder for Suspension,1,1,30,,pcs
Eskayef,1663,ESORAL 20MG TAB 112S,ESOMEPRAZOLE,20,Tablet,1,1,112,,pcs
Eskayef,1469,ESORAL 40MG CAP 30S,ESOMEPRAZOLE,0,Capsule,1,1,30,,pcs
Eskayef,1832,ESORAL 40MG EC TAB 42S,ESOMEPRAZOLE,40mg,Tablet,1,1,42,,pcs
Eskayef,1429,ESORAL 40MG IV INJ 5ML,ESOMEPRAZOLE,0,Injection,1,1,1,,ml
Eskayef,1689,ESORAL MUPS 20MG TAB 50S,ESOMEPRAZOLE MAGNESIUM,20mg,Tablet,1,1,50,,pcs
Eskayef,1739,ESORAL MUPS 40 TABLET,ESOMEPRAZOLE,40mg,Tablet,1,1,30,,pcs
Eskayef,1686,ETRIAM 10GM CREAM,ECONAZOLE NITRATE + TRIAMCINOLONE ACETONIDE,Econazole Nitrate 1%,Cream,1,1,1,,ml
Eskayef,1428,FACID 10GM BT CREAM,FUSIDIC ACID & BETAMETHASONE,0,Cream,1,1,1,,ml
Eskayef,1116,FACID 15GM CREAM,FUSIDIC ACID,0,Cream,1,1,1,,ml
Eskayef,1700,FACID 250MG TAB 10S,SODIUM FUSIDATE,250mg,Tablet,1,1,10,,pcs
Eskayef,1189,FACID HC CREAM 10GM,FUSIDIC ACID+HYDROCORTISONE,0,Cream,1,1,1,,ml
Eskayef,1117,FACID OINTMENT 15GM,SODIUM FUSIDATE,0,Ointment,1,1,1,,pcs
Eskayef,1811,FAVIPIR 200MG FC TAB 10S,FAVIPIRAVIR,200mg,Tablet,1,1,10,,pcs
Eskayef,1551,FLUCODER 200MG CAP 10S,FLUCONAZOLE,0,Capsule,1,1,10,,pcs
Eskayef,1515,FLUCODER 35ML DRY SUS,FLUCONAZOLE,0,Dry Suspension,1,1,1,,pcs
Eskayef,1065,FLUCODER CAP 150MG 10S,FLUCONAZOLE,0,Capsule,1,1,10,,pcs
Eskayef,1049,FLUCODER CAP 50MG 30S,FLUCONAZOLE,0,Capsule,1,1,30,,pcs
Eskayef,1379,GASNIL PD 15ML,SIMETHICONE,0,Paediatric Drop,1,1,1,,ml
Eskayef,1511,GASTID 200ML SUS,MAGALDRATE + SIMETHICONE,0,Suspension,1,1,1,,pcs
Eskayef,1523,GASTID CHEWABLE TAB 60S,MAGALDRATE + SIMETHICONE,0,Tablet,1,1,60,,pcs
Eskayef,1579,GELID CHEWABLE TAB 50S,SODIUM ALGINATE & POTASSIUM BICARBONATE,NULL,Tablet,1,1,50,,pcs
Eskayef,1578,GELID ORAL SUS 200ML,SODIUM ALGINATE & POTASSIUM BICARBONATE,NULL,Suspension,1,1,1,,pcs
Eskayef,1809,H QUIN 200MG FC TAB 20S,HYDROXYCHLOROQUINE,200mg,Tablet,1,1,20,,pcs
Eskayef,1781,HAIRGROW 2% TOPICAL SOLUTION 60ML,MINOXIDIL,20mg,Topical Solution,1,1,1,,ml
Eskayef,1782,HAIRGROW 5% TOPICAL SOLUTION 60ML,MINOXIDIL,50mg,Topical Solution,1,1,1,,ml
Eskayef,1664,ISOBGUL 140GM CONTAINER 1S,PSYLLIUM HUSK,140,Powder,1,1,1,,pcs
Eskayef,1662,ISOBGUL SACHET 20S,PSYLLIUM HUSK,NULL,Powder,1,1,20,,pcs
Eskayef,1829,ITCHNIL 20G CREAM 1S,PRAMOXINE HCL 1G+CALAMINE 3G)/100G,Pramoxine HCL 1g+Cal,Cream,1,1,1,,ml
Eskayef,1815,IVACURE 3MG TAB 30S,IVERMECTIN,3mg,Tablet,1,1,30,,pcs
Eskayef,1816,IVACURE 6MG TAB 10S,IVERMECTIN,6mg,Tablet,1,1,10,,pcs
Eskayef,1751,KEZONA 200MG TAB 30S,KETOCONAZOLE,200mg,Tablet,1,1,30,,pcs
Eskayef,1199,LAXITOL SACHET 10S,LACTITOL MONOHYDRATE,0,Powder,1,1,10,,pcs
Eskayef,1748,LICNIL 117GM LOTION,IVERMECTIN,0.005,Lotion,1,1,1,,ml
Eskayef,1747,LICNIL 60GM LOTION,IVERMECTIN,0.005,Lotion,1,1,1,,ml
Eskayef,1806,LOSECTIL 10MG CAP 60S,OMEPRAZOLE,10mg,Capsule,1,1,60,,pcs
Eskayef,1784,LOSECTIL 20MG CAP 120S,OMEPRAZOLE,20mg,Capsule,1,1,120,,pcs
Eskayef,1577,LOSECTIL 20MG PFS 50S,OMEPRAZOLE,NULL,Suspension,1,1,50,,pcs
Eskayef,1574,LOSECTIL 40MG CAP 60S,OMEPRAZOLE,60,Capsule,1,1,60,,pcs
Eskayef,1421,LOSECTIL 40MG IV INJ,OMEPRAZOLE,NULL,Injection,1,1,1,,ml
Eskayef,1464,LOSECTIL 40MG PFS 30S,OMEPRAZOLE,0,Suspension,1,1,30,,pcs
Eskayef,1716,LOSECTIL MUPS 20MG TAB,OMEPRAZOLE,20mg,Tablet,1,1,50,,pcs
Eskayef,1743,LOSECTIL MUPS 40MG TAB,OMEPRAZOLE,40mg,Tablet,1,1,24,,pcs
Eskayef,1604,LOSECTIL V 20MG CAP 100S,OMEPRAZOLE,20mg,Capsule,1,1,100,,pcs
Eskayef,1605,LOSECTIL V 40MG CAP 60S,OMEPRAZOLE,40mg,Capsule,1,1,60,,pcs
Eskayef,1765,LULIZOL 10GM CREAM,LULICONAZOLE,0.01,Cream,1,1,1,,ml
Eskayef,1788,LULIZOL 20GM CREAM,LULICONAZOLE,1% Cream,Cream,1,1,1,,ml
Eskayef,1535,METCO 100ML IV INFUSION,METRONIDAZOLE,0,Injection,1,1,1,,ml
Eskayef,1013,METCO 400MG TAB 100S,METRONIDAZOLE,0,Tablet,1,1,100,,pcs
Eskayef,1044,METCO 60ML SUS,METRONIDAZOLE,0,Suspension,1,1,1,,pcs
Eskayef,1690,MUPIRON 20GM OINTMENT,MUPIROCIN,2% w/w,Ointment,1,1,1,,pcs
Eskayef,1443,MUPIRON OINTMENT 10GM,MUPIROCIN,0,Ointment,1,1,1,,pcs
Eskayef,1114,MYCOFIN 250MG TAB 10S,TERBINAFIN HCL,0,Tablet,1,1,10,,pcs
Eskayef,1152,MYCOFIN CREAM 5GM,TERBINAFIN HCL,0,Cream,1,1,1,,ml
Eskayef,1635,NOSPOT 30GM CREAM,FLUOCINOLONE ACETONIDE 0.01% + HYDROGUINONE 4% + TRETINOIN 0.05%,NULL,Cream,1,1,1,,ml
Eskayef,1433,OROGURD ORAL GEL 15GM 1S,MICONAZOLE,0,Gel,1,1,1,,pcs
Eskayef,1777,PALOSIS 0.25MG IV INJ 3S,PALONOSETRON,0.25mg/5ml,Injection,1,1,3,,ml
Eskayef,1275,PANORAL 20MG TAB 40S,PANTOPRAZOLE,0,Tablet,1,1,40,,pcs
Eskayef,1276,PANORAL 40MG TAB 40S,PANTOPRAZOLE,0,Tablet,1,1,40,,pcs
Eskayef,1180,PEROSA 30GM CREAM,PERMETHRIN,0,Cream,1,1,1,,ml
Eskayef,1831,PROTECTO 1GM TAB 50S,SUCRALFATE,1gm,Tablet,1,1,50,,pcs
Eskayef,1830,PROTECTO 500MG TAB 100S,SUCRALFATE,500mg,Tablet,1,1,100,,pcs
Eskayef,1642,RABIFAST 20 MG TAB 70S,RABEPRAZOLE,NULL,Tablet,1,1,70,,pcs
Eskayef,1812,REMIVIR 100MG LYOPHILIZED IV INJ 1S,REMDESIVIR,100mg,Injection,1,1,1,,ml
Eskayef,1347,RIDON EG 10MG SACHETS 20S,DOMPERIDONE,0,Tablet,1,1,20,,pcs
Eskayef,1745,RIDON FAST 10MG TAB,DOMPERIDONE,10mg,Tablet,1,1,100,,pcs
Eskayef,1163,RIDON SUS 60 ML,DOMPERIDONE,0,Suspension,1,1,1,,pcs
Eskayef,1099,RIDON TAB 100S,DOMPERIDONE,0,Tablet,1,1,100,,pcs
Eskayef,1192,SOFTI OINTMENT 50GM,ZINC OXIDE+VIRGIN CASTOR OIL,0,Ointment,1,1,1,,pcs
Eskayef,1444,SOREX ORAL PASTE 5GM,AMLEXANOX,0,Oral Paste,1,1,1,,pcs
Eskayef,1434,TOPIBET CL OINTMENT 10GM TUBE,BETAMETHASONE VALERATE + CLOTRIMAZOLE,0,Ointment,1,1,1,,pcs
Eskayef,1475,TOPICLO 10GM CREAM,CLOBETASOL PROPIONATE,0,Cream,1,1,1,,ml
Eskayef,1476,TOPICLO 10GM OINTMENT,CLOBETASOL PROPIONATE,0,Ointment,1,1,1,,pcs
Eskayef,1835,TOPICLO 30ML SPRAY   1S,CLOBETASOL PROPIONATE,30ml,Spray,1,1,1,,ml
Eskayef,1834,TOPICLO 60ML LOTION   1S,CLOBETASOL PROPIONATE,60ml,Lotion,1,1,1,,ml
Eskayef,1590,TOPICLO NN 15GM OINTMENT 1S,CLOBETASOL PROPIONATE .05GM + NEOMYCIN SULPHATE .05GM + NYSTATIN 2MG,NULL,Ointment,1,1,1,,pcs
Eskayef,1477,TOPICLO S 10GM OINTMENT,CLOBETASOL 0.05% & SALICYLIC ACID 3%,0,Ointment,1,1,1,,pcs
Eskayef,1685,TOPICLO S 6 10GM OINTMENT,CLOBETASOL PROPIONATE+SALICYCLIC ACID,Clobetasol 0.05% + S,Ointment,1,1,1,,pcs
Eskayef,1627,TOPICLO S OINTMENT 1S 20G,CLOBETASOL 0.05% & SALICYLIC ACID 3%,NULL,Ointment,1,1,1,,pcs
Eskayef,1279,TOZA SUS 30ML,NITAZOXANIDE,0,Suspension,1,1,1,,pcs
Eskayef,1280,TOZA SUS 60ML,NITAZOXANIDE,0,Suspension,1,1,1,,pcs
Eskayef,1278,TOZA TAB 500MG 12S,NITAZOXANIDE,0,Tablet,1,1,12,,pcs
Eskayef,1274,TULAC ORAL SOL 100ML,LACTULOSE,0,Oral Solution,1,1,1,,ml
Eskayef,1825,VOMEND 40MG CAP 6S,APREPITANT,40mg,Capsule,1,1,6,,pcs
Eskayef,1335,ZOFRA 50ML ORAL SOL,ONDANSETRON,0,Oral Solution,1,1,1,,ml
Eskayef,1404,ZOFRA IM IV INJ 8MG 5S,ONDANSETRON,0,Injection,1,1,5,,ml
Eskayef,1471,ZOFRA ODT 4MG TAB 30S,ONDANSETRON,0,Tablet,1,1,30,,pcs
Eskayef,1472,ZOFRA ODT 8MG TAB 30S,ONDANSETRON,0,Tablet,1,1,30,,pcs
Eskayef,1828,ZOFRA ODT 8MG TAB 42S,ONDANSETRON,8mg,Tablet,1,1,42,,pcs
Eskayef,1500,AGGRA 100MG TAB 4S,SILDENAFIL,0,Tablet,1,1,4,,pcs
Eskayef,1499,AGGRA 50MG TAB 4S,SILDENAFIL,0,Tablet,1,1,4,,pcs
Eskayef,1488,CAL X SACHET 25S,SUCRALOSE,0,Powder,1,1,25,,pcs
Eskayef,1487,CAL X TAB 100S,SUCRALOSE,0,Tablet,1,1,100,,pcs
Eskayef,1753,DANAMET 100MG CAP 20S,DANAZOL,100mg,Capsule,1,1,20,,pcs
Eskayef,1744,DANAMET 200MG CAP 20S,DANAZOL,200mg,Capsule,1,1,20,,pcs
Eskayef,1563,DUMAX 30MG TAB 8S,DAPOXETINE 30MG,8,Tablet,1,1,8,,pcs
Eskayef,1564,DUMAX 60MG TAB 4S,DAPOXETINE 60MG,4,Tablet,1,1,4,,pcs
Eskayef,1822,ENDOSIS 2MG TAB 10S,DIENOGEST,2mg,Tablet,1,1,10,,pcs
Eskayef,1466,ETHINOR 5MG TAB 45S,NORETHISTERONE,0,Tablet,1,1,45,,pcs
Eskayef,1617,FEOFER 100MG 5ML IV INJ 1S,IRON SUCROSE IV INJECTION USP,100mg/5ml,Injection,1,1,1,,ml
Eskayef,1160,FEOFOL CI CAP 30S,CARBONYL IRON WITH FOLIC ACID,0,Capsule,1,1,30,,pcs
Eskayef,1007,FEOFOL TR CAP 90S,IRON + FOLIC ACID,0,Capsule,1,1,90,,pcs
Eskayef,1380,FEOZIN TAB 100S,ZINC+FOLIC ACID,0,Tablet,1,1,100,,pcs
Eskayef,1417,FIBRINO 500MG CAP 18S,TRANEXAMIC ACID,0,Capsule,1,1,18,,pcs
Eskayef,1143,FOLVIT CAP 90S,IRON+FOLIC ACID+VIT-C+VIT.B COMPLEX,0,Capsule,1,1,90,,pcs
Eskayef,1182,FOLVIT CI CAP 60S,CARBONYL IRON+FOLIC ACID+VIT-C+VIT.B COMP.,0,Capsule,1,1,60,,pcs
Eskayef,1361,HI C SYP 100ML,ASCORBIC ACID,0,Syrup,1,1,1,,ml
Eskayef,1659,JUCI DIET 20S,ASCORBIC ACID,0,Powder,1,1,20,,pcs
Eskayef,1603,JUCI PFS 20S,ASCORBIC ACID,0,Powder,1,1,20,,pcs
Eskayef,1738,JUCI PLUS CHEWABLE TAB 100S,ASCORBIC ACID,Ascorbic Acid 180mg,Tablet,1,1,100,,pcs
Eskayef,1528,LENOR 2.5MG TAB 10S,LETROZOLE,0,Tablet,1,1,10,,pcs
Eskayef,1848,MAXFER 1GM IV INJ 1S,ELEMENTAL IRON,1gm/20ml,Injection,1,1,1,,ml
Eskayef,1791,MAXFER 500MG IV INJ 1S,FERRIC CARBOXYMALTOSE,5gm/100ml,Injection,1,1,1,,ml
Eskayef,1752,MIRAFLO 25MG TAB 10S,MIRABEGRON,25mg,Tablet,1,1,10,,pcs
Eskayef,1318,MIXAVIT SYP 100ML,VITAMIN B-COMPLEX + VIT.C + VIT.E & COD LIVER OIL,0,Syrup,1,1,1,,ml
Eskayef,1204,NEOSALINE 10.25GM 50S,SODIUM CHLORIDE + POTASSIUM CHLORIDE + SODIUM CITRATE + GLUCOSE ANHYDROUS,0,Powder,1,1,50,,pcs
Eskayef,1273,NRG 10GM PFS 20S,GLUCOSE,0,Suspension,1,1,20,,pcs
Eskayef,1445,OSTOCAL D TAB 20S,CALCIUM CARBONATE + VITAMIN D3,0,Tablet,1,1,20,,pcs
Eskayef,1219,OSTOCAL D TAB 500MG 30S,CALCIUM CARBONATE + VITAMIN D3,0,Tablet,1,1,30,,pcs
Eskayef,1676,OSTOCAL DX TAB 36S,ELEMENTAL CALCIUM 600MG + VITAMIN D3 400 IU,36s,Tablet,1,1,36,,pcs
Eskayef,1613,OSTOCAL DX TAB CONTAINER 30S,CALCIUM CARBONATE + VITAMIN D3,30s,Tablet,1,1,30,,pcs
Eskayef,1646,OSTOCAL G TAB 40S,CALCIUM CARBONATE + VITAMIN D3,NULL,Tablet,1,1,40,,pcs
Eskayef,1649,OSTOCAL G TAB CONTAINER 30S,CALCIUM CARBONATE  + VITAMIN D3,0,Tablet,1,1,30,,pcs
Eskayef,1636,OSTOCAL GX TAB 30S,CALCIUM CARBONATE FROM CORAL SOURCE + VITAMIN D3,30s,Tablet,1,1,30,,pcs
Eskayef,1534,OSTOCAL JR 250MG TAB 30S,CALCIUM CARBONATE,0,Tablet,1,1,30,,pcs
Eskayef,1338,OSTOCAL M TAB 500MG 30S,CALCIUM CARB. + VITAMIN D3 + MAGNESIUM + MANGANESE + ZINC + BORON + COPPER,0,Tablet,1,1,30,,pcs
Eskayef,1072,OSTOCAL TAB 500MG 100S,CALCIUM CARBONATE,0,Tablet,1,1,100,,pcs
Eskayef,1837,OSTOCAL VITA EFFERVESCENT TAB 10S,CALCIUM AND VITAMIN D3,600mg and 400 IU,Tablet,1,1,10,,pcs
Eskayef,1761,OSTOVIT D 40000 IU CAP 12S,VITAMIN D3,40000 IU,Capsule,1,1,12,,pcs
Eskayef,1441,PROTINEX INFUSION 500ML,AMINO ACID + D-SORBITOL + ELOCTROLYTES,0,Infusion,1,1,1,,Infusion
Eskayef,1565,PROTINEX ULTRA 510 IV 500ML INFUSION,AMINO ACID + DEXTROSE + ELOCTR,1,Infusion,1,1,1,,Infusion
Eskayef,1124,REOMEN 50MG TAB 20S,CLOMIPHENE CITRATE,0,Tablet,1,1,20,,pcs
Eskayef,1311,SOLBION 3ML IM INJ 10S,"VITAMIN B1, B6 , B12",0,Injection,1,1,10,,ml
Eskayef,1345,SOLBION TAB 50S,"VITAMIN B1, B6 , B12",0,Tablet,1,1,50,,pcs
Eskayef,1701,SOLBION TAB CONTAINER 30S,"VITAMIN B1, B6 , B12","B1: 100mg, B6: 200mg",Tablet,1,1,30,,pcs
Eskayef,1029,SOLVIT B TAB 45S,VITAMIN B-COMPLEX,0,Tablet,1,1,45,,pcs
Eskayef,1030,SOLVIT M TAB 30S,MULTIVITAMIN + MULTIMINERALS,0,Tablet,1,1,30,,pcs
Eskayef,1031,SOLVITONE SYP 100ML,VITAMIN B-COMPLEX,0,Syrup,1,1,1,,ml
Eskayef,1179,SOLVITONE SYP 200ML,VITAMIN B-COMPLEX,0,Syrup,1,1,1,,ml
Eskayef,1498,THYNOR 50MCG TAB 90S,LEVOTHYROXINE SODIUM,0,Tablet,1,1,90,,pcs
Eskayef,1467,TIBONOR 2.5MG TAB 30S,TIBOLONE,0,Tablet,1,1,30,,pcs
Eskayef,1571,UROKIT 10 ER TAB 20S,POTASSIUM CITRATE,20,Tablet,1,1,20,,pcs
Eskayef,1595,UROKIT PLUS ORAL SOL 200ML,POTASSIUM CITRATE & CITRIC ACID,NULL,Oral Solution,1,1,1,,ml
Eskayef,1543,UROSIN 0.4MG CAP 30S,TAMSULOSIN  HYDROCHLORIDE,0,Capsule,1,1,30,,pcs
Eskayef,1619,VALENTY 10MG TAB 4S,VARDENAFIL,NULL,Tablet,1,1,4,,pcs
Eskayef,1620,VALENTY 20MG TAB 4S,VARDENAFIL,NULL,Tablet,1,1,4,,pcs
Eskayef,1778,VITOCAL D EFFERVESCENT TAB 10S,ELEMENTAL CALCIUM 600MG + VITAMIN D3 400 IU,Calcium 600mg + Vita,Tablet,1,1,10,,pcs
Eskayef,1207,VITRUM GOLD TAB 15S,MULTIVITAMIN - MULTIMINERALS,0,Tablet,1,1,15,,pcs
Eskayef,1190,VITRUM GOLD TAB 30S,MULTIVITAMIN - MULTIMINERALS,0,Tablet,1,1,30,,pcs
Eskayef,1210,VITRUM SILVER TAB 15S,MULTIVITAMIN - MULTIMINERALS,0,Tablet,1,1,15,,pcs
Eskayef,1331,VITRUM SILVER TAB 30S,MULTIVITAMIN - MULTIMINERALS,0,Tablet,1,1,30,,pcs
Eskayef,1691,XINC 150ML SYP,ZINC SULFATE  MONOHYDRATE USP,10mg/5ml,Syrup,1,1,1,,ml
Eskayef,1820,XINC 20MG TAB 100S,ELEMENTAL ZINC,20mg,Tablet,1,1,100,,pcs
Eskayef,1218,XINC 20MG TAB 60S,ZINC SULFATE,0,Tablet,1,1,60,,pcs
Eskayef,1240,XINC B SYP 100ML,ZINC  & VITAMIN B- COMPLEX,0,Syrup,1,1,1,,ml
Eskayef,1456,XINC B SYP 200ML,ZINC  & VITAMIN B- COMPLEX,0,Syrup,1,1,1,,ml
Eskayef,1272,XINC B TAB 30S,ZINC  & VITAMIN B- COMPLEX,0,Tablet,1,1,30,,pcs
Eskayef,1702,XINC OT 10MG TAB 30S,ELEMENTAL ZINC,10mg,Tablet,1,1,30,,pcs
Eskayef,1087,XINC SYP 100 ML,ZINC  SULFATE,0,Syrup,1,1,1,,ml
Eskayef,1284,ZATRAL 10MG TAB 24S,ALFUZOSIN HYDROCHLORIDE,0,Tablet,1,1,24,,pcs
Eskayef,1725,ZEEFOL AZ FC TAB 60S,ELEMENTAL IRON + FOLIC ACID + ELEMENTAL ZINC,Iron 48mg (Elemental,Tablet,1,1,60,,pcs
Eskayef,1631,ZEEFOL CI CAP 90S,CARBONYL IRON+FOLIC ACID+ZINC,NULL,Capsule,1,1,90,,pcs
Eskayef,1705,ZEEFOL M TAB 100S,ELEMENTAL IRON + ELEMENTAL ZINC + FOLIC ACID,"Elemental Iron 47mg,",Tablet,1,1,100,,pcs
Eskayef,1187,ZILVIT CAP 60S,CARBONYL IRON+FOLIC ACID+ZINC+VIT.B & ASCORBIC ACID,0,Capsule,1,1,60,,pcs
